data,marca,preco
2022-11-09,Chevrolet S10,"5.539,80"
2022-11-09,Mitsubishi L200,"5.869,80"
2022-11-09,Mitsubishi L200,"6.369,90"
2022-11-09,Chevrolet Cruze,"4.069,80"
2022-11-09,Fiat Cronos,"2.129,70"
2022-11-09,Citroën C3,"1.859,70"
2022-11-09,Peugeot 208,"2.039,70"
2022-11-09,Citroën C4,"2.519,70"
2022-11-09,Hyundai HB20,"2.469,90"
2022-11-09,Peugeot 2008,"2.389,80"
2022-11-09,Renault Kwid,"1.719,90"
2022-11-09,Hyundai HB20,"2.099,70"
2022-11-09,Jeep Renegade,"2.989,80"
2022-11-09,Fiat Toro,"3.799,80"
2022-11-09,Fiat Mobi,"1.559,70"
2022-11-09,Renault Kwid,"1.559,70"
2022-11-09,Hyundai HB20,"2.339,70"
2022-11-09,Jeep Commander,"5.269,80"
2022-11-09,Citroën C4,"2.419,80"
2022-11-09,Jeep Commander,"6.569,70"
2022-11-09,Fiat Pulse,"2.619,90"
2022-11-09,Volvo XC,"10.639,80"
2022-11-09,Volkswagen Nivus,"2.959,80"
2022-11-09,BYD TAN,"13.969,80"
2022-11-09,Jeep Renegade,"3.039,90"
2022-11-09,Jeep Renegade,"3.619,80"
2022-11-09,Jeep Compass,"5.109,90"
2022-11-09,Citroën C4,"3.219,90"
2022-11-09,Nissan Kicks,"2.969,70"
2022-11-09,Fiat Pulse,"2.849,70"
2022-11-09,Hyundai HB20,"2.839,80"
2022-11-09,Fiat Cronos,"2.299,80"
2022-11-09,Jeep Compass,"4.119,90"
2022-11-09,Fiat Toro,"5.069,70"
2022-11-09,Nissan Kicks,"3.529,80"
2022-11-09,Hyundai HB20,"1.949,70"
2022-11-09,Chevrolet Spin,"2.769,90"
2022-11-09,Nissan Kicks,"3.169,80"
2022-11-09,Fiat Argo,"1.819,80"
2022-11-09,Chevrolet Onix,"1.949,70"
2022-11-09,Peugeot 208,"2.439,90"
2022-11-09,Chevrolet Onix,"2.399,70"
2022-11-09,Fiat Strada,"2.419,80"
2022-11-09,Volkswagen Gol,"1.739,70"
2022-11-09,Chevrolet Tracker,"3.339,90"
2022-11-09,Renault Kwid,"1.669,80"
2022-11-09,Chevrolet Onix,"2.259,90"
2022-11-09,Fiat Mobi,"1.699,80"
2022-11-09,Volkswagen Voyage,"1.799,70"
2022-11-09,Chevrolet Onix,"2.039,70"
2022-11-09,Hyundai HB20,"2.019,90"
2022-11-09,Volkswagen T-Cross,"3.219,90"
2022-11-09,Fiat Argo,"1.909,80"
2022-11-10,Chevrolet S10,"5.539,80"
2022-11-10,Mitsubishi L200,"5.869,80"
2022-11-10,Mitsubishi L200,"6.369,90"
2022-11-10,Chevrolet Cruze,"4.069,80"
2022-11-10,Fiat Cronos,"2.129,70"
2022-11-10,Citroën C3,"1.859,70"
2022-11-10,Peugeot 208,"2.039,70"
2022-11-10,Citroën C4,"2.519,70"
2022-11-10,Hyundai HB20,"2.469,90"
2022-11-10,Peugeot 2008,"2.389,80"
2022-11-10,Renault Kwid,"1.719,90"
2022-11-10,Hyundai HB20,"2.099,70"
2022-11-10,Jeep Renegade,"2.989,80"
2022-11-10,Fiat Toro,"3.799,80"
2022-11-10,Fiat Mobi,"1.559,70"
2022-11-10,Renault Kwid,"1.559,70"
2022-11-10,Hyundai HB20,"2.339,70"
2022-11-10,Jeep Commander,"5.269,80"
2022-11-10,Citroën C4,"2.419,80"
2022-11-10,Jeep Commander,"6.569,70"
2022-11-10,Fiat Pulse,"2.619,90"
2022-11-10,Volvo XC,"10.639,80"
2022-11-10,Volkswagen Nivus,"2.959,80"
2022-11-10,BYD TAN,"13.969,80"
2022-11-10,Jeep Renegade,"3.039,90"
2022-11-10,Jeep Renegade,"3.619,80"
2022-11-10,Jeep Compass,"5.109,90"
2022-11-10,Citroën C4,"3.219,90"
2022-11-10,Nissan Kicks,"2.969,70"
2022-11-10,Fiat Pulse,"2.849,70"
2022-11-10,Hyundai HB20,"2.839,80"
2022-11-10,Fiat Cronos,"2.299,80"
2022-11-10,Jeep Compass,"4.119,90"
2022-11-10,Fiat Toro,"5.069,70"
2022-11-10,Nissan Kicks,"3.529,80"
2022-11-10,Hyundai HB20,"1.949,70"
2022-11-10,Chevrolet Spin,"2.769,90"
2022-11-10,Nissan Kicks,"3.169,80"
2022-11-10,Fiat Argo,"1.819,80"
2022-11-10,Chevrolet Onix,"1.949,70"
2022-11-10,Peugeot 208,"2.439,90"
2022-11-10,Chevrolet Onix,"2.399,70"
2022-11-10,Fiat Strada,"2.419,80"
2022-11-10,Volkswagen Gol,"1.739,70"
2022-11-10,Chevrolet Tracker,"3.339,90"
2022-11-10,Renault Kwid,"1.669,80"
2022-11-10,Chevrolet Onix,"2.259,90"
2022-11-10,Fiat Mobi,"1.699,80"
2022-11-10,Volkswagen Voyage,"1.799,70"
2022-11-10,Chevrolet Onix,"2.039,70"
2022-11-10,Hyundai HB20,"2.019,90"
2022-11-10,Volkswagen T-Cross,"3.219,90"
2022-11-10,Fiat Argo,"1.909,80"
2022-11-11,Chevrolet S10,"5.539,80"
2022-11-11,Mitsubishi L200,"6.099,90"
2022-11-11,Mitsubishi L200,"6.369,90"
2022-11-11,Chevrolet Cruze,"4.069,80"
2022-11-11,Fiat Cronos,"2.129,70"
2022-11-11,Citroën C3,"1.859,70"
2022-11-11,Peugeot 208,"2.039,70"
2022-11-11,Citroën C4,"2.519,70"
2022-11-11,Hyundai HB20,"2.469,90"
2022-11-11,Peugeot 2008,"2.389,80"
2022-11-11,Renault Kwid,"1.719,90"
2022-11-11,Hyundai HB20,"2.099,70"
2022-11-11,Jeep Renegade,"2.989,80"
2022-11-11,Fiat Toro,"3.799,80"
2022-11-11,Fiat Mobi,"1.559,70"
2022-11-11,Renault Kwid,"1.559,70"
2022-11-11,Hyundai HB20,"2.339,70"
2022-11-11,Jeep Commander,"5.269,80"
2022-11-11,Citroën C4,"2.419,80"
2022-11-11,Jeep Commander,"6.569,70"
2022-11-11,Fiat Pulse,"2.619,90"
2022-11-11,Volvo XC,"10.639,80"
2022-11-11,Volkswagen Nivus,"2.959,80"
2022-11-11,BYD TAN,"13.969,80"
2022-11-11,Jeep Renegade,"3.039,90"
2022-11-11,Jeep Renegade,"3.619,80"
2022-11-11,Jeep Compass,"5.109,90"
2022-11-11,Citroën C4,"3.219,90"
2022-11-11,Nissan Kicks,"2.969,70"
2022-11-11,Fiat Pulse,"2.849,70"
2022-11-11,Hyundai HB20,"2.839,80"
2022-11-11,Fiat Cronos,"2.299,80"
2022-11-11,Jeep Compass,"4.119,90"
2022-11-11,Fiat Toro,"5.069,70"
2022-11-11,Nissan Kicks,"3.529,80"
2022-11-11,Hyundai HB20,"1.949,70"
2022-11-11,Chevrolet Spin,"2.769,90"
2022-11-11,Nissan Kicks,"3.169,80"
2022-11-11,Fiat Argo,"1.819,80"
2022-11-11,Chevrolet Onix,"1.949,70"
2022-11-11,Peugeot 208,"2.439,90"
2022-11-11,Chevrolet Onix,"2.399,70"
2022-11-11,Fiat Strada,"2.419,80"
2022-11-11,Volkswagen Gol,"1.739,70"
2022-11-11,Chevrolet Tracker,"3.339,90"
2022-11-11,Renault Kwid,"1.669,80"
2022-11-11,Chevrolet Onix,"2.259,90"
2022-11-11,Fiat Mobi,"1.699,80"
2022-11-11,Volkswagen Voyage,"1.799,70"
2022-11-11,Chevrolet Onix,"2.039,70"
2022-11-11,Hyundai HB20,"2.019,90"
2022-11-11,Volkswagen T-Cross,"3.219,90"
2022-11-11,Fiat Argo,"1.899,90"
2022-11-14,Chevrolet S10,"5.539,80"
2022-11-14,Mitsubishi L200,"6.099,90"
2022-11-14,Mitsubishi L200,"6.369,90"
2022-11-14,Chevrolet Cruze,"4.069,80"
2022-11-14,Fiat Cronos,"2.129,70"
2022-11-14,Citroën C3,"1.859,70"
2022-11-14,Peugeot 208,"2.039,70"
2022-11-14,Citroën C4,"2.519,70"
2022-11-14,Hyundai HB20,"2.469,90"
2022-11-14,Peugeot 2008,"2.389,80"
2022-11-14,Renault Kwid,"1.719,90"
2022-11-14,Hyundai HB20,"2.099,70"
2022-11-14,Jeep Renegade,"2.989,80"
2022-11-14,Fiat Toro,"3.799,80"
2022-11-14,Hyundai HB20,"2.339,70"
2022-11-14,Jeep Commander,"5.269,80"
2022-11-14,Citroën C4,"2.419,80"
2022-11-14,Jeep Commander,"6.569,70"
2022-11-14,Fiat Pulse,"2.619,90"
2022-11-14,Volvo XC,"10.639,80"
2022-11-14,Volkswagen Nivus,"2.959,80"
2022-11-14,BYD TAN,"13.969,80"
2022-11-14,Jeep Renegade,"3.039,90"
2022-11-14,Jeep Renegade,"3.619,80"
2022-11-14,Jeep Compass,"5.109,90"
2022-11-14,Citroën C4,"3.219,90"
2022-11-14,Nissan Kicks,"2.969,70"
2022-11-14,Fiat Pulse,"2.849,70"
2022-11-14,Hyundai HB20,"2.839,80"
2022-11-14,Jeep Compass,"4.119,90"
2022-11-14,Fiat Toro,"5.069,70"
2022-11-14,Nissan Kicks,"3.529,80"
2022-11-14,Chevrolet Spin,"2.769,90"
2022-11-14,Nissan Kicks,"3.169,80"
2022-11-14,Fiat Argo,"1.819,80"
2022-11-14,Chevrolet Onix,"1.949,70"
2022-11-14,Peugeot 208,"2.439,90"
2022-11-14,Chevrolet Onix,"2.399,70"
2022-11-14,Fiat Strada,"2.419,80"
2022-11-14,Volkswagen Gol,"1.739,70"
2022-11-14,Chevrolet Tracker,"3.339,90"
2022-11-14,Renault Kwid,"1.669,80"
2022-11-14,Chevrolet Onix,"2.259,90"
2022-11-14,Fiat Mobi,"1.699,80"
2022-11-14,Volkswagen Voyage,"1.799,70"
2022-11-14,Chevrolet Onix,"2.039,70"
2022-11-14,Hyundai HB20,"2.019,90"
2022-11-14,Fiat Argo,"1.899,90"
2022-11-16,Chevrolet S10,"5.539,80"
2022-11-16,Mitsubishi L200,"6.099,90"
2022-11-16,Mitsubishi L200,"6.369,90"
2022-11-16,Chevrolet Cruze,"4.069,80"
2022-11-16,Fiat Cronos,"2.129,70"
2022-11-16,Citroën C3,"1.859,70"
2022-11-16,Peugeot 208,"2.039,70"
2022-11-16,Citroën C4,"2.519,70"
2022-11-16,Hyundai HB20,"2.469,90"
2022-11-16,Peugeot 2008,"2.389,80"
2022-11-16,Renault Kwid,"1.719,90"
2022-11-16,Hyundai HB20,"2.099,70"
2022-11-16,Jeep Renegade,"2.989,80"
2022-11-16,Fiat Toro,"3.799,80"
2022-11-16,Hyundai HB20,"2.339,70"
2022-11-16,Jeep Commander,"5.269,80"
2022-11-16,Citroën C4,"2.419,80"
2022-11-16,Jeep Commander,"6.569,70"
2022-11-16,Fiat Pulse,"2.619,90"
2022-11-16,Volkswagen Nivus,"2.959,80"
2022-11-16,BYD TAN,"13.969,80"
2022-11-16,Jeep Renegade,"3.039,90"
2022-11-16,Jeep Renegade,"3.619,80"
2022-11-16,Jeep Compass,"5.109,90"
2022-11-16,Citroën C4,"3.219,90"
2022-11-16,Nissan Kicks,"2.969,70"
2022-11-16,Fiat Pulse,"2.849,70"
2022-11-16,Hyundai HB20,"2.839,80"
2022-11-16,Jeep Compass,"4.119,90"
2022-11-16,Volkswagen T-Cross,"2.919,90"
2022-11-16,Fiat Toro,"5.069,70"
2022-11-16,Nissan Kicks,"3.529,80"
2022-11-16,Chevrolet Spin,"2.769,90"
2022-11-16,Nissan Kicks,"3.169,80"
2022-11-16,Fiat Argo,"1.819,80"
2022-11-16,Chevrolet Onix,"1.949,70"
2022-11-16,Chevrolet Onix,"2.399,70"
2022-11-16,Fiat Strada,"2.419,80"
2022-11-16,Volkswagen Gol,"1.739,70"
2022-11-16,Chevrolet Tracker,"3.339,90"
2022-11-16,Renault Kwid,"1.669,80"
2022-11-16,Chevrolet Onix,"2.259,90"
2022-11-16,Fiat Mobi,"1.699,80"
2022-11-16,Volkswagen Voyage,"1.799,70"
2022-11-16,Chevrolet Onix,"2.039,70"
2022-11-16,Hyundai HB20,"2.019,90"
2022-11-16,Fiat Argo,"1.899,90"
2022-11-17,Chevrolet S10,"5.539,80"
2022-11-17,Mitsubishi L200,"6.099,90"
2022-11-17,Mitsubishi L200,"6.369,90"
2022-11-17,Chevrolet Cruze,"4.069,80"
2022-11-17,Fiat Cronos,"2.129,70"
2022-11-17,Citroën C3,"1.859,70"
2022-11-17,Peugeot 208,"2.039,70"
2022-11-17,Citroën C4,"2.519,70"
2022-11-17,Hyundai HB20,"2.469,90"
2022-11-17,Peugeot 2008,"2.389,80"
2022-11-17,Renault Kwid,"1.719,90"
2022-11-17,Hyundai HB20,"2.099,70"
2022-11-17,Jeep Renegade,"2.989,80"
2022-11-17,Fiat Toro,"3.799,80"
2022-11-17,Fiat Mobi,"1.559,70"
2022-11-17,Hyundai HB20,"2.339,70"
2022-11-17,Jeep Commander,"5.269,80"
2022-11-17,Citroën C4,"2.419,80"
2022-11-17,Jeep Commander,"6.569,70"
2022-11-17,Fiat Pulse,"2.619,90"
2022-11-17,Volkswagen Nivus,"2.959,80"
2022-11-17,BYD TAN,"13.969,80"
2022-11-17,Jeep Renegade,"3.039,90"
2022-11-17,Jeep Renegade,"3.619,80"
2022-11-17,Jeep Compass,"5.109,90"
2022-11-17,Citroën C4,"3.219,90"
2022-11-17,Nissan Kicks,"2.969,70"
2022-11-17,Fiat Pulse,"2.849,70"
2022-11-17,Hyundai HB20,"2.839,80"
2022-11-17,Volkswagen T-Cross,"3.279,90"
2022-11-17,Jeep Compass,"4.119,90"
2022-11-17,Volkswagen T-Cross,"2.919,90"
2022-11-17,Fiat Toro,"5.069,70"
2022-11-17,Nissan Kicks,"3.529,80"
2022-11-17,Chevrolet Spin,"2.769,90"
2022-11-17,Nissan Kicks,"3.169,80"
2022-11-17,Fiat Argo,"1.819,80"
2022-11-17,Chevrolet Onix,"1.949,70"
2022-11-17,Chevrolet Onix,"2.399,70"
2022-11-17,Fiat Strada,"2.419,80"
2022-11-17,Volkswagen Gol,"1.739,70"
2022-11-17,Chevrolet Tracker,"3.339,90"
2022-11-17,Renault Kwid,"1.669,80"
2022-11-17,Chevrolet Onix,"2.259,90"
2022-11-17,Fiat Mobi,"1.699,80"
2022-11-17,Volkswagen Voyage,"1.799,70"
2022-11-17,Chevrolet Onix,"2.039,70"
2022-11-17,Hyundai HB20,"2.019,90"
2022-11-17,Hyundai Creta,"2.799,90"
2022-11-17,Fiat Argo,"1.899,90"
2022-11-18,Chevrolet S10,"5.539,80"
2022-11-18,Mitsubishi L200,"6.099,90"
2022-11-18,Mitsubishi L200,"6.369,90"
2022-11-18,Chevrolet Cruze,"4.069,80"
2022-11-18,Fiat Cronos,"2.129,70"
2022-11-18,Citroën C3,"1.859,70"
2022-11-18,Peugeot 208,"2.039,70"
2022-11-18,Citroën C4,"2.519,70"
2022-11-18,Hyundai HB20,"2.469,90"
2022-11-18,Peugeot 2008,"2.389,80"
2022-11-18,Renault Kwid,"1.719,90"
2022-11-18,Hyundai HB20,"2.099,70"
2022-11-18,Jeep Renegade,"2.989,80"
2022-11-18,Fiat Toro,"3.799,80"
2022-11-18,Fiat Mobi,"1.559,70"
2022-11-18,Hyundai HB20,"2.339,70"
2022-11-18,Jeep Commander,"5.269,80"
2022-11-18,Citroën C4,"2.419,80"
2022-11-18,Jeep Commander,"6.569,70"
2022-11-18,Fiat Pulse,"2.619,90"
2022-11-18,Volkswagen Nivus,"2.959,80"
2022-11-18,BYD TAN,"13.969,80"
2022-11-18,Jeep Renegade,"3.039,90"
2022-11-18,Jeep Renegade,"3.619,80"
2022-11-18,Jeep Compass,"5.109,90"
2022-11-18,Citroën C4,"3.219,90"
2022-11-18,Nissan Kicks,"2.969,70"
2022-11-18,Fiat Pulse,"2.849,70"
2022-11-18,Hyundai HB20,"2.839,80"
2022-11-18,Volkswagen T-Cross,"3.279,90"
2022-11-18,Jeep Compass,"4.119,90"
2022-11-18,Fiat Toro,"5.069,70"
2022-11-18,Nissan Kicks,"3.529,80"
2022-11-18,Chevrolet Spin,"2.769,90"
2022-11-18,Nissan Kicks,"3.169,80"
2022-11-18,Fiat Argo,"1.819,80"
2022-11-18,Chevrolet Onix,"1.949,70"
2022-11-18,Chevrolet Onix,"2.399,70"
2022-11-18,Fiat Strada,"2.419,80"
2022-11-18,Volkswagen Gol,"1.739,70"
2022-11-18,Chevrolet Tracker,"3.339,90"
2022-11-18,Renault Kwid,"1.669,80"
2022-11-18,Chevrolet Onix,"2.259,90"
2022-11-18,Fiat Mobi,"1.699,80"
2022-11-18,Volkswagen Voyage,"1.799,70"
2022-11-18,Chevrolet Onix,"2.039,70"
2022-11-18,Hyundai HB20,"2.019,90"
2022-11-18,Hyundai Creta,"2.799,90"
2022-11-18,Fiat Argo,"1.899,90"
2022-11-21,Chevrolet S10,"5.539,80"
2022-11-21,Mitsubishi L200,"6.099,90"
2022-11-21,Mitsubishi L200,"6.369,90"
2022-11-21,Chevrolet Cruze,"4.069,80"
2022-11-21,Fiat Cronos,"2.129,70"
2022-11-21,Citroën C3,"1.859,70"
2022-11-21,Peugeot 208,"2.039,70"
2022-11-21,Citroën C4,"2.519,70"
2022-11-21,Hyundai HB20,"2.469,90"
2022-11-21,Peugeot 2008,"2.389,80"
2022-11-21,Renault Kwid,"1.719,90"
2022-11-21,Hyundai HB20,"2.099,70"
2022-11-21,Jeep Renegade,"2.989,80"
2022-11-21,Fiat Toro,"3.799,80"
2022-11-21,Fiat Mobi,"1.559,70"
2022-11-21,Hyundai HB20,"2.339,70"
2022-11-21,Jeep Commander,"5.269,80"
2022-11-21,Citroën C4,"2.419,80"
2022-11-21,Jeep Commander,"6.569,70"
2022-11-21,Fiat Pulse,"2.619,90"
2022-11-21,Volkswagen Nivus,"2.959,80"
2022-11-21,BYD TAN,"13.969,80"
2022-11-21,Jeep Renegade,"3.039,90"
2022-11-21,Jeep Renegade,"3.619,80"
2022-11-21,Jeep Compass,"5.109,90"
2022-11-21,Citroën C4,"3.219,90"
2022-11-21,Nissan Kicks,"2.969,70"
2022-11-21,Fiat Pulse,"2.849,70"
2022-11-21,Hyundai HB20,"2.839,80"
2022-11-21,Volkswagen T-Cross,"3.279,90"
2022-11-21,Jeep Compass,"4.119,90"
2022-11-21,Fiat Toro,"5.069,70"
2022-11-21,Nissan Kicks,"3.529,80"
2022-11-21,Chevrolet Spin,"2.769,90"
2022-11-21,Nissan Kicks,"3.169,80"
2022-11-21,Fiat Argo,"1.819,80"
2022-11-21,Chevrolet Onix,"1.949,70"
2022-11-21,Chevrolet Onix,"2.399,70"
2022-11-21,Fiat Strada,"2.419,80"
2022-11-21,Volkswagen Gol,"1.739,70"
2022-11-21,Chevrolet Tracker,"3.339,90"
2022-11-21,Renault Kwid,"1.669,80"
2022-11-21,Chevrolet Onix,"2.259,90"
2022-11-21,Fiat Mobi,"1.699,80"
2022-11-21,Volkswagen Voyage,"1.799,70"
2022-11-21,Chevrolet Onix,"2.039,70"
2022-11-21,Hyundai HB20,"2.019,90"
2022-11-21,Hyundai Creta,"2.799,90"
2022-11-21,Fiat Argo,"1.899,90"
2022-11-22,Chevrolet S10,"5.539,80"
2022-11-22,Mitsubishi L200,"6.099,90"
2022-11-22,Mitsubishi L200,"6.369,90"
2022-11-22,Chevrolet Cruze,"4.069,80"
2022-11-22,Fiat Cronos,"2.129,70"
2022-11-22,Citroën C3,"1.859,70"
2022-11-22,Peugeot 208,"2.039,70"
2022-11-22,Citroën C4,"2.519,70"
2022-11-22,Hyundai HB20,"2.469,90"
2022-11-22,Peugeot 2008,"2.389,80"
2022-11-22,Renault Kwid,"1.719,90"
2022-11-22,Hyundai HB20,"2.099,70"
2022-11-22,Jeep Renegade,"2.989,80"
2022-11-22,Fiat Toro,"3.799,80"
2022-11-22,Fiat Mobi,"1.559,70"
2022-11-22,Hyundai HB20,"2.339,70"
2022-11-22,Jeep Commander,"5.269,80"
2022-11-22,Citroën C4,"2.419,80"
2022-11-22,Jeep Commander,"6.569,70"
2022-11-22,Fiat Pulse,"2.619,90"
2022-11-22,Volkswagen Nivus,"2.959,80"
2022-11-22,BYD TAN,"13.969,80"
2022-11-22,Jeep Renegade,"3.039,90"
2022-11-22,Jeep Renegade,"3.619,80"
2022-11-22,Jeep Compass,"5.109,90"
2022-11-22,Citroën C4,"3.219,90"
2022-11-22,Nissan Kicks,"2.969,70"
2022-11-22,Fiat Pulse,"2.849,70"
2022-11-22,Hyundai HB20,"2.839,80"
2022-11-22,Volkswagen T-Cross,"3.279,90"
2022-11-22,Jeep Compass,"4.119,90"
2022-11-22,Fiat Toro,"5.069,70"
2022-11-22,Nissan Kicks,"3.529,80"
2022-11-22,Chevrolet Spin,"2.769,90"
2022-11-22,Nissan Kicks,"3.169,80"
2022-11-22,Fiat Argo,"1.819,80"
2022-11-22,Chevrolet Onix,"1.949,70"
2022-11-22,Chevrolet Onix,"2.399,70"
2022-11-22,Fiat Strada,"2.419,80"
2022-11-22,Volkswagen Gol,"1.739,70"
2022-11-22,Chevrolet Tracker,"3.339,90"
2022-11-22,Renault Kwid,"1.669,80"
2022-11-22,Chevrolet Onix,"2.259,90"
2022-11-22,Fiat Mobi,"1.699,80"
2022-11-22,Volkswagen Voyage,"1.799,70"
2022-11-22,Chevrolet Onix,"2.039,70"
2022-11-22,Hyundai HB20,"2.019,90"
2022-11-22,Fiat Argo,"1.899,90"
2022-11-23,Chevrolet S10,"5.539,80"
2022-11-23,Mitsubishi L200,"6.099,90"
2022-11-23,Mitsubishi L200,"6.369,90"
2022-11-23,Chevrolet Cruze,"4.069,80"
2022-11-23,Fiat Cronos,"2.129,70"
2022-11-23,Citroën C3,"1.859,70"
2022-11-23,Peugeot 208,"2.039,70"
2022-11-23,Citroën C4,"2.519,70"
2022-11-23,Hyundai HB20,"2.469,90"
2022-11-23,Peugeot 2008,"2.389,80"
2022-11-23,Renault Kwid,"1.719,90"
2022-11-23,Hyundai HB20,"2.099,70"
2022-11-23,Jeep Renegade,"2.989,80"
2022-11-23,Fiat Toro,"3.799,80"
2022-11-23,Fiat Mobi,"1.559,70"
2022-11-23,Hyundai HB20,"2.339,70"
2022-11-23,Jeep Commander,"5.269,80"
2022-11-23,Citroën C4,"2.419,80"
2022-11-23,Jeep Commander,"6.569,70"
2022-11-23,Fiat Pulse,"2.619,90"
2022-11-23,Volkswagen Nivus,"2.959,80"
2022-11-23,BYD TAN,"13.969,80"
2022-11-23,Jeep Renegade,"3.039,90"
2022-11-23,Jeep Renegade,"3.619,80"
2022-11-23,Nissan Frontier,"6.969,90"
2022-11-23,Jeep Compass,"5.109,90"
2022-11-23,Citroën C4,"3.219,90"
2022-11-23,Nissan Kicks,"2.969,70"
2022-11-23,Fiat Pulse,"2.849,70"
2022-11-23,Hyundai HB20,"2.839,80"
2022-11-23,Jeep Compass,"4.119,90"
2022-11-23,Fiat Toro,"5.069,70"
2022-11-23,Nissan Kicks,"3.529,80"
2022-11-23,Chevrolet Spin,"2.769,90"
2022-11-23,Nissan Kicks,"3.169,80"
2022-11-23,Fiat Argo,"1.819,80"
2022-11-23,Chevrolet Onix,"1.949,70"
2022-11-23,Chevrolet Onix,"2.399,70"
2022-11-23,Fiat Strada,"2.419,80"
2022-11-23,Volkswagen Gol,"1.739,70"
2022-11-23,Chevrolet Tracker,"3.339,90"
2022-11-23,Renault Kwid,"1.669,80"
2022-11-23,Chevrolet Onix,"2.259,90"
2022-11-23,Fiat Mobi,"1.699,80"
2022-11-23,Volkswagen Voyage,"1.799,70"
2022-11-23,Chevrolet Onix,"2.039,70"
2022-11-23,Hyundai HB20,"2.019,90"
2022-11-23,Fiat Argo,"1.899,90"
2022-11-24,Chevrolet S10,"5.539,80"
2022-11-24,Mitsubishi L200,"6.099,90"
2022-11-24,Mitsubishi L200,"6.369,90"
2022-11-24,Chevrolet Cruze,"4.069,80"
2022-11-24,Fiat Cronos,"2.129,70"
2022-11-24,Citroën C3,"1.859,70"
2022-11-24,Peugeot 208,"2.039,70"
2022-11-24,Citroën C4,"2.519,70"
2022-11-24,Hyundai HB20,"2.469,90"
2022-11-24,Peugeot 2008,"2.389,80"
2022-11-24,Renault Kwid,"1.719,90"
2022-11-24,Hyundai HB20,"2.099,70"
2022-11-24,Jeep Renegade,"2.989,80"
2022-11-24,Fiat Toro,"3.799,80"
2022-11-24,Fiat Mobi,"1.559,70"
2022-11-24,Hyundai HB20,"2.339,70"
2022-11-24,Jeep Commander,"5.269,80"
2022-11-24,Citroën C4,"2.419,80"
2022-11-24,Jeep Commander,"6.569,70"
2022-11-24,Fiat Pulse,"2.619,90"
2022-11-24,Volkswagen Nivus,"2.959,80"
2022-11-24,BYD TAN,"13.969,80"
2022-11-24,Jeep Renegade,"3.039,90"
2022-11-24,Jeep Renegade,"3.619,80"
2022-11-24,Nissan Frontier,"6.969,90"
2022-11-24,Jeep Compass,"5.109,90"
2022-11-24,Citroën C4,"3.219,90"
2022-11-24,Nissan Kicks,"2.969,70"
2022-11-24,Fiat Pulse,"2.849,70"
2022-11-24,Hyundai HB20,"2.839,80"
2022-11-24,Jeep Compass,"4.119,90"
2022-11-24,Fiat Toro,"5.069,70"
2022-11-24,Nissan Kicks,"3.529,80"
2022-11-24,Chevrolet Spin,"2.769,90"
2022-11-24,Nissan Kicks,"3.169,80"
2022-11-24,Fiat Argo,"1.819,80"
2022-11-24,Chevrolet Onix,"1.949,70"
2022-11-24,Chevrolet Onix,"2.399,70"
2022-11-24,Fiat Strada,"2.419,80"
2022-11-24,Volkswagen Gol,"1.739,70"
2022-11-24,Chevrolet Tracker,"3.339,90"
2022-11-24,Renault Kwid,"1.669,80"
2022-11-24,Chevrolet Onix,"2.259,90"
2022-11-24,Fiat Mobi,"1.699,80"
2022-11-24,Volkswagen Voyage,"1.799,70"
2022-11-24,Chevrolet Onix,"2.039,70"
2022-11-24,Hyundai HB20,"2.019,90"
2022-11-24,Fiat Argo,"1.899,90"
2022-11-25,Chevrolet S10,"5.539,80"
2022-11-25,Mitsubishi L200,"6.099,90"
2022-11-25,Mitsubishi L200,"6.369,90"
2022-11-25,Chevrolet Cruze,"4.069,80"
2022-11-25,Fiat Cronos,"2.129,70"
2022-11-25,Citroën C3,"1.859,70"
2022-11-25,Peugeot 208,"2.039,70"
2022-11-25,Citroën C4,"2.519,70"
2022-11-25,Hyundai HB20,"2.469,90"
2022-11-25,Peugeot 2008,"2.389,80"
2022-11-25,Renault Kwid,"1.719,90"
2022-11-25,Hyundai HB20,"2.099,70"
2022-11-25,Jeep Renegade,"2.989,80"
2022-11-25,Fiat Toro,"3.799,80"
2022-11-25,Fiat Mobi,"1.559,70"
2022-11-25,Hyundai HB20,"2.339,70"
2022-11-25,Jeep Commander,"5.269,80"
2022-11-25,Citroën C4,"2.419,80"
2022-11-25,Jeep Commander,"6.569,70"
2022-11-25,Fiat Pulse,"2.619,90"
2022-11-25,Volkswagen Nivus,"2.959,80"
2022-11-25,BYD TAN,"13.969,80"
2022-11-25,Jeep Renegade,"3.039,90"
2022-11-25,Jeep Renegade,"3.619,80"
2022-11-25,Nissan Frontier,"6.969,90"
2022-11-25,Jeep Compass,"5.109,90"
2022-11-25,Citroën C4,"3.219,90"
2022-11-25,Nissan Kicks,"2.969,70"
2022-11-25,Fiat Pulse,"2.849,70"
2022-11-25,Hyundai HB20,"2.839,80"
2022-11-25,Jeep Compass,"4.119,90"
2022-11-25,Fiat Toro,"5.069,70"
2022-11-25,Nissan Kicks,"3.529,80"
2022-11-25,Chevrolet Spin,"2.769,90"
2022-11-25,Nissan Kicks,"3.169,80"
2022-11-25,Fiat Argo,"1.819,80"
2022-11-25,Chevrolet Onix,"1.949,70"
2022-11-25,Chevrolet Onix,"2.399,70"
2022-11-25,Fiat Strada,"2.419,80"
2022-11-25,Volkswagen Gol,"1.739,70"
2022-11-25,Chevrolet Tracker,"3.339,90"
2022-11-25,Renault Kwid,"1.669,80"
2022-11-25,Chevrolet Onix,"2.259,90"
2022-11-25,Fiat Mobi,"1.699,80"
2022-11-25,Volkswagen Voyage,"1.799,70"
2022-11-25,Chevrolet Onix,"2.039,70"
2022-11-25,Hyundai HB20,"2.019,90"
2022-11-25,Fiat Argo,"1.899,90"
2022-11-28,Chevrolet S10,"5.539,80"
2022-11-28,Mitsubishi L200,"6.099,90"
2022-11-28,Mitsubishi L200,"6.369,90"
2022-11-28,Chevrolet Cruze,"4.069,80"
2022-11-28,Fiat Cronos,"2.129,70"
2022-11-28,Citroën C3,"1.859,70"
2022-11-28,Peugeot 208,"2.039,70"
2022-11-28,Citroën C4,"2.519,70"
2022-11-28,Hyundai HB20,"2.469,90"
2022-11-28,Peugeot 2008,"2.389,80"
2022-11-28,Renault Kwid,"1.719,90"
2022-11-28,Hyundai HB20,"2.099,70"
2022-11-28,Jeep Renegade,"2.989,80"
2022-11-28,Fiat Toro,"3.799,80"
2022-11-28,Fiat Mobi,"1.559,70"
2022-11-28,Hyundai HB20,"2.339,70"
2022-11-28,Jeep Commander,"5.269,80"
2022-11-28,Citroën C4,"2.419,80"
2022-11-28,Jeep Commander,"6.569,70"
2022-11-28,Fiat Pulse,"2.619,90"
2022-11-28,Volkswagen Nivus,"2.959,80"
2022-11-28,BYD TAN,"13.969,80"
2022-11-28,Jeep Renegade,"3.039,90"
2022-11-28,Jeep Renegade,"3.619,80"
2022-11-28,Nissan Frontier,"6.969,90"
2022-11-28,Jeep Compass,"5.109,90"
2022-11-28,Nissan Kicks,"2.969,70"
2022-11-28,Fiat Pulse,"2.849,70"
2022-11-28,Hyundai HB20,"2.839,80"
2022-11-28,Jeep Compass,"4.119,90"
2022-11-28,Fiat Toro,"5.069,70"
2022-11-28,Nissan Kicks,"3.529,80"
2022-11-28,Chevrolet Spin,"2.769,90"
2022-11-28,Nissan Kicks,"3.169,80"
2022-11-28,Fiat Argo,"1.819,80"
2022-11-28,Chevrolet Onix,"1.949,70"
2022-11-28,Chevrolet Onix,"2.399,70"
2022-11-28,Fiat Strada,"2.419,80"
2022-11-28,Volkswagen Gol,"1.739,70"
2022-11-28,Chevrolet Tracker,"3.339,90"
2022-11-28,Renault Kwid,"1.669,80"
2022-11-28,Chevrolet Onix,"2.259,90"
2022-11-28,Fiat Mobi,"1.699,80"
2022-11-28,Volkswagen Voyage,"1.799,70"
2022-11-28,Chevrolet Onix,"2.039,70"
2022-11-28,Hyundai HB20,"2.019,90"
2022-11-28,Fiat Argo,"1.899,90"
2022-11-29,Chevrolet S10,"5.539,80"
2022-11-29,Mitsubishi L200,"6.099,90"
2022-11-29,Mitsubishi L200,"6.369,90"
2022-11-29,Chevrolet Cruze,"4.069,80"
2022-11-29,Fiat Cronos,"2.129,70"
2022-11-29,Citroën C3,"1.869,90"
2022-11-29,Peugeot 208,"2.039,70"
2022-11-29,Citroën C4,"2.519,70"
2022-11-29,Hyundai HB20,"2.469,90"
2022-11-29,Peugeot 2008,"2.389,80"
2022-11-29,Renault Kwid,"1.719,90"
2022-11-29,Hyundai HB20,"2.099,70"
2022-11-29,Jeep Renegade,"2.989,80"
2022-11-29,Fiat Toro,"3.799,80"
2022-11-29,Fiat Mobi,"1.559,70"
2022-11-29,Jeep Commander,"5.269,80"
2022-11-29,Citroën C4,"2.419,80"
2022-11-29,Jeep Commander,"6.569,70"
2022-11-29,Fiat Pulse,"2.619,90"
2022-11-29,Volkswagen Nivus,"2.959,80"
2022-11-29,BYD TAN,"13.969,80"
2022-11-29,Jeep Renegade,"3.039,90"
2022-11-29,Jeep Renegade,"3.619,80"
2022-11-29,Nissan Frontier,"6.969,90"
2022-11-29,Jeep Compass,"5.109,90"
2022-11-29,Nissan Kicks,"2.969,70"
2022-11-29,Fiat Pulse,"2.849,70"
2022-11-29,Hyundai HB20,"2.839,80"
2022-11-29,Volkswagen T-Cross,"3.569,70"
2022-11-29,Jeep Compass,"4.119,90"
2022-11-29,Fiat Toro,"5.069,70"
2022-11-29,Nissan Kicks,"3.529,80"
2022-11-29,Chevrolet Spin,"2.769,90"
2022-11-29,Nissan Kicks,"3.169,80"
2022-11-29,Fiat Argo,"1.819,80"
2022-11-29,Chevrolet Onix,"1.949,70"
2022-11-29,Chevrolet Onix,"2.399,70"
2022-11-29,Fiat Strada,"2.419,80"
2022-11-29,Volkswagen Gol,"1.739,70"
2022-11-29,Chevrolet Tracker,"3.339,90"
2022-11-29,Renault Kwid,"1.669,80"
2022-11-29,Chevrolet Onix,"2.259,90"
2022-11-29,Fiat Mobi,"1.699,80"
2022-11-29,Volkswagen Voyage,"1.799,70"
2022-11-29,Chevrolet Onix,"2.039,70"
2022-11-29,Hyundai HB20,"2.019,90"
2022-11-29,Fiat Argo,"1.899,90"
2022-11-30,Chevrolet S10,"5.539,80"
2022-11-30,Mitsubishi L200,"6.099,90"
2022-11-30,Mitsubishi L200,"6.369,90"
2022-11-30,Chevrolet Cruze,"4.069,80"
2022-11-30,Fiat Cronos,"2.129,70"
2022-11-30,Citroën C3,"1.869,90"
2022-11-30,Peugeot 208,"2.039,70"
2022-11-30,Citroën C4,"2.519,70"
2022-11-30,Peugeot 2008,"2.389,80"
2022-11-30,Renault Kwid,"1.719,90"
2022-11-30,Hyundai HB20,"2.099,70"
2022-11-30,Jeep Renegade,"2.989,80"
2022-11-30,Fiat Toro,"3.799,80"
2022-11-30,Fiat Mobi,"1.559,70"
2022-11-30,Jeep Commander,"5.269,80"
2022-11-30,Citroën C4,"2.419,80"
2022-11-30,Jeep Commander,"6.569,70"
2022-11-30,Fiat Pulse,"2.619,90"
2022-11-30,Volkswagen Nivus,"2.959,80"
2022-11-30,BYD TAN,"13.969,80"
2022-11-30,Jeep Renegade,"3.039,90"
2022-11-30,Jeep Renegade,"3.619,80"
2022-11-30,Renault Logan,"1.999,80"
2022-11-30,Nissan Frontier,"6.969,90"
2022-11-30,Jeep Compass,"5.109,90"
2022-11-30,Nissan Kicks,"2.969,70"
2022-11-30,Fiat Pulse,"2.849,70"
2022-11-30,Hyundai HB20,"2.839,80"
2022-11-30,Volkswagen T-Cross,"3.569,70"
2022-11-30,Jeep Compass,"4.119,90"
2022-11-30,Fiat Toro,"5.069,70"
2022-11-30,Nissan Kicks,"3.529,80"
2022-11-30,Chevrolet Spin,"2.769,90"
2022-11-30,Chevrolet Cruze,"3.419,70"
2022-11-30,Nissan Kicks,"3.169,80"
2022-11-30,Fiat Argo,"1.819,80"
2022-11-30,Chevrolet Onix,"1.949,70"
2022-11-30,Chevrolet Onix,"2.399,70"
2022-11-30,Fiat Strada,"2.419,80"
2022-11-30,Volkswagen Gol,"1.739,70"
2022-11-30,Chevrolet Tracker,"3.339,90"
2022-11-30,Renault Kwid,"1.669,80"
2022-11-30,Chevrolet Onix,"2.259,90"
2022-11-30,Fiat Mobi,"1.699,80"
2022-11-30,Volkswagen Voyage,"1.799,70"
2022-11-30,Chevrolet Onix,"2.039,70"
2022-11-30,Hyundai HB20,"2.019,90"
2022-11-30,Fiat Argo,"1.899,90"
2022-12-02,Chevrolet S10,"5.539,80"
2022-12-02,Mitsubishi L200,"6.099,90"
2022-12-02,Mitsubishi L200,"6.369,90"
2022-12-02,Chevrolet Cruze,"4.109,70"
2022-12-02,Fiat Cronos,"2.149,80"
2022-12-02,Citroën C3,"1.869,90"
2022-12-02,Peugeot 208,"2.069,70"
2022-12-02,Citroën C4,"2.519,70"
2022-12-02,Peugeot 2008,"2.389,80"
2022-12-02,Renault Kwid,"1.719,90"
2022-12-02,Hyundai HB20,"2.169,90"
2022-12-02,Jeep Renegade,"2.989,80"
2022-12-02,Fiat Toro,"3.799,80"
2022-12-02,Fiat Mobi,"1.559,70"
2022-12-02,Jeep Commander,"5.529,90"
2022-12-02,Citroën C4,"2.419,80"
2022-12-02,Jeep Commander,"6.749,70"
2022-12-02,Volkswagen Nivus,"3.369,90"
2022-12-02,BYD TAN,"13.969,80"
2022-12-02,Jeep Renegade,"3.039,90"
2022-12-02,Jeep Renegade,"3.619,80"
2022-12-02,Renault Logan,"1.999,80"
2022-12-02,Nissan Frontier,"6.969,90"
2022-12-02,Jeep Compass,"5.199,90"
2022-12-02,Nissan Kicks,"2.969,70"
2022-12-02,Hyundai HB20,"2.869,80"
2022-12-02,Volkswagen T-Cross,"3.609,90"
2022-12-02,Jeep Compass,"4.149,90"
2022-12-02,Fiat Toro,"5.069,70"
2022-12-02,Nissan Kicks,"3.529,80"
2022-12-02,Chevrolet Spin,"2.819,70"
2022-12-02,Chevrolet Cruze,"3.419,70"
2022-12-02,Nissan Kicks,"3.169,80"
2022-12-02,Fiat Argo,"1.849,80"
2022-12-02,Chevrolet Onix,"1.949,70"
2022-12-02,Chevrolet Onix,"2.499,90"
2022-12-02,Fiat Strada,"2.419,80"
2022-12-02,Volkswagen Gol,"1.739,70"
2022-12-02,Chevrolet Tracker,"3.339,90"
2022-12-02,Renault Kwid,"1.669,80"
2022-12-02,Chevrolet Onix,"2.339,70"
2022-12-02,Fiat Mobi,"1.699,80"
2022-12-02,Volkswagen Voyage,"1.859,70"
2022-12-02,Chevrolet Onix,"2.239,80"
2022-12-02,Hyundai HB20,"2.099,70"
2022-12-02,Volkswagen T-Cross,"3.269,70"
2022-12-02,Fiat Argo,"1.899,90"
2022-12-05,Chevrolet S10,"5.539,80"
2022-12-05,Mitsubishi L200,"6.099,90"
2022-12-05,Mitsubishi L200,"6.369,90"
2022-12-05,Chevrolet Cruze,"4.109,70"
2022-12-05,Fiat Cronos,"2.149,80"
2022-12-05,Citroën C3,"1.869,90"
2022-12-05,Peugeot 208,"2.069,70"
2022-12-05,Citroën C4,"2.519,70"
2022-12-05,Peugeot 2008,"2.389,80"
2022-12-05,Renault Kwid,"1.719,90"
2022-12-05,Hyundai HB20,"2.169,90"
2022-12-05,Jeep Renegade,"2.989,80"
2022-12-05,Fiat Toro,"3.799,80"
2022-12-05,Fiat Mobi,"1.559,70"
2022-12-05,Jeep Commander,"5.529,90"
2022-12-05,Citroën C4,"2.419,80"
2022-12-05,Jeep Commander,"6.749,70"
2022-12-05,Volkswagen Nivus,"3.369,90"
2022-12-05,BYD TAN,"13.969,80"
2022-12-05,Jeep Renegade,"3.039,90"
2022-12-05,Jeep Renegade,"3.619,80"
2022-12-05,Renault Logan,"1.999,80"
2022-12-05,Nissan Frontier,"6.969,90"
2022-12-05,Jeep Compass,"5.199,90"
2022-12-05,Nissan Kicks,"2.969,70"
2022-12-05,Hyundai HB20,"2.869,80"
2022-12-05,Volkswagen T-Cross,"3.609,90"
2022-12-05,Jeep Compass,"4.149,90"
2022-12-05,Fiat Toro,"5.069,70"
2022-12-05,Nissan Kicks,"3.529,80"
2022-12-05,Chevrolet Spin,"2.819,70"
2022-12-05,Chevrolet Cruze,"3.419,70"
2022-12-05,Nissan Kicks,"3.169,80"
2022-12-05,Fiat Argo,"1.849,80"
2022-12-05,Chevrolet Onix,"1.949,70"
2022-12-05,Chevrolet Onix,"2.499,90"
2022-12-05,Fiat Strada,"2.419,80"
2022-12-05,Volkswagen Gol,"1.739,70"
2022-12-05,Chevrolet Tracker,"3.339,90"
2022-12-05,Renault Kwid,"1.669,80"
2022-12-05,Chevrolet Onix,"2.339,70"
2022-12-05,Fiat Mobi,"1.699,80"
2022-12-05,Volkswagen Voyage,"1.859,70"
2022-12-05,Chevrolet Onix,"2.239,80"
2022-12-05,Hyundai HB20,"2.099,70"
2022-12-05,Volkswagen T-Cross,"3.269,70"
2022-12-05,Fiat Argo,"1.899,90"
2022-12-06,Chevrolet S10,"5.539,80"
2022-12-06,Mitsubishi L200,"6.099,90"
2022-12-06,Mitsubishi L200,"6.369,90"
2022-12-06,Chevrolet Cruze,"4.109,70"
2022-12-06,Fiat Cronos,"2.149,80"
2022-12-06,Citroën C3,"1.869,90"
2022-12-06,Peugeot 208,"2.069,70"
2022-12-06,Citroën C4,"2.519,70"
2022-12-06,Peugeot 2008,"2.389,80"
2022-12-06,Renault Kwid,"1.719,90"
2022-12-06,Hyundai HB20,"2.169,90"
2022-12-06,Jeep Renegade,"2.989,80"
2022-12-06,Fiat Toro,"3.799,80"
2022-12-06,Fiat Mobi,"1.559,70"
2022-12-06,Jeep Commander,"5.529,90"
2022-12-06,Citroën C4,"2.419,80"
2022-12-06,Jeep Commander,"6.749,70"
2022-12-06,Fiat Pulse,"2.709,90"
2022-12-06,Volkswagen Nivus,"3.369,90"
2022-12-06,BYD TAN,"13.969,80"
2022-12-06,Jeep Renegade,"3.039,90"
2022-12-06,Jeep Renegade,"3.619,80"
2022-12-06,Nissan Frontier,"6.969,90"
2022-12-06,Jeep Compass,"5.199,90"
2022-12-06,Nissan Kicks,"2.969,70"
2022-12-06,Hyundai HB20,"2.869,80"
2022-12-06,Volkswagen T-Cross,"3.609,90"
2022-12-06,Jeep Compass,"4.149,90"
2022-12-06,Fiat Toro,"5.069,70"
2022-12-06,Nissan Kicks,"3.529,80"
2022-12-06,Chevrolet Spin,"2.819,70"
2022-12-06,Chevrolet Cruze,"3.419,70"
2022-12-06,Nissan Kicks,"3.169,80"
2022-12-06,Fiat Argo,"1.849,80"
2022-12-06,Chevrolet Onix,"1.949,70"
2022-12-06,Chevrolet Onix,"2.499,90"
2022-12-06,Fiat Strada,"2.419,80"
2022-12-06,Chevrolet Tracker,"3.339,90"
2022-12-06,Renault Kwid,"1.669,80"
2022-12-06,Chevrolet Onix,"2.339,70"
2022-12-06,Fiat Mobi,"1.699,80"
2022-12-06,Chevrolet Onix,"2.239,80"
2022-12-06,Hyundai HB20,"2.099,70"
2022-12-06,Volkswagen T-Cross,"3.269,70"
2022-12-06,Fiat Argo,"1.899,90"
2022-12-07,Chevrolet S10,"5.539,80"
2022-12-07,Mitsubishi L200,"6.099,90"
2022-12-07,Mitsubishi L200,"6.369,90"
2022-12-07,Chevrolet Cruze,"4.109,70"
2022-12-07,Fiat Cronos,"2.149,80"
2022-12-07,Citroën C3,"1.869,90"
2022-12-07,Peugeot 208,"2.069,70"
2022-12-07,Citroën C4,"2.519,70"
2022-12-07,Peugeot 2008,"2.389,80"
2022-12-07,Renault Kwid,"1.719,90"
2022-12-07,Hyundai HB20,"2.169,90"
2022-12-07,Jeep Renegade,"2.989,80"
2022-12-07,Fiat Toro,"3.799,80"
2022-12-07,Fiat Mobi,"1.559,70"
2022-12-07,Jeep Commander,"5.529,90"
2022-12-07,Citroën C4,"2.419,80"
2022-12-07,Jeep Commander,"6.749,70"
2022-12-07,Volkswagen Nivus,"3.369,90"
2022-12-07,BYD TAN,"13.969,80"
2022-12-07,Jeep Renegade,"3.039,90"
2022-12-07,Jeep Renegade,"3.619,80"
2022-12-07,Nissan Leaf,"3.969,90"
2022-12-07,Nissan Frontier,"6.969,90"
2022-12-07,Jeep Compass,"5.199,90"
2022-12-07,Nissan Kicks,"2.969,70"
2022-12-07,Hyundai HB20,"2.869,80"
2022-12-07,Volkswagen T-Cross,"3.609,90"
2022-12-07,Jeep Compass,"4.149,90"
2022-12-07,Fiat Toro,"5.069,70"
2022-12-07,Nissan Kicks,"3.529,80"
2022-12-07,Chevrolet Spin,"2.819,70"
2022-12-07,Chevrolet Cruze,"3.419,70"
2022-12-07,Nissan Kicks,"3.169,80"
2022-12-07,Fiat Argo,"1.849,80"
2022-12-07,Chevrolet Onix,"1.949,70"
2022-12-07,Chevrolet Onix,"2.499,90"
2022-12-07,Fiat Strada,"2.419,80"
2022-12-07,Chevrolet Tracker,"3.339,90"
2022-12-07,Renault Kwid,"1.669,80"
2022-12-07,Chevrolet Onix,"2.339,70"
2022-12-07,Fiat Mobi,"1.699,80"
2022-12-07,Chevrolet Onix,"2.239,80"
2022-12-07,Hyundai HB20,"2.099,70"
2022-12-07,Volkswagen T-Cross,"3.269,70"
2022-12-07,Fiat Argo,"1.899,90"
2022-12-08,Chevrolet S10,"5.539,80"
2022-12-08,Mitsubishi L200,"6.099,90"
2022-12-08,Mitsubishi L200,"6.369,90"
2022-12-08,Chevrolet Cruze,"4.109,70"
2022-12-08,Fiat Cronos,"2.149,80"
2022-12-08,Citroën C3,"1.869,90"
2022-12-08,Peugeot 208,"2.069,70"
2022-12-08,Citroën C4,"2.519,70"
2022-12-08,Peugeot 2008,"2.389,80"
2022-12-08,Renault Kwid,"1.719,90"
2022-12-08,Hyundai HB20,"2.169,90"
2022-12-08,Jeep Renegade,"2.989,80"
2022-12-08,Fiat Toro,"3.799,80"
2022-12-08,Fiat Mobi,"1.559,70"
2022-12-08,Jeep Commander,"5.529,90"
2022-12-08,Citroën C4,"2.419,80"
2022-12-08,Jeep Commander,"6.749,70"
2022-12-08,Volkswagen Nivus,"3.369,90"
2022-12-08,BYD TAN,"13.969,80"
2022-12-08,Jeep Renegade,"3.039,90"
2022-12-08,Jeep Renegade,"3.619,80"
2022-12-08,Nissan Leaf,"3.969,90"
2022-12-08,Nissan Frontier,"6.969,90"
2022-12-08,Jeep Compass,"5.199,90"
2022-12-08,Nissan Kicks,"2.969,70"
2022-12-08,Hyundai HB20,"2.869,80"
2022-12-08,Volkswagen T-Cross,"3.609,90"
2022-12-08,Jeep Compass,"4.149,90"
2022-12-08,Fiat Toro,"5.069,70"
2022-12-08,Nissan Kicks,"3.529,80"
2022-12-08,Chevrolet Spin,"2.819,70"
2022-12-08,Chevrolet Cruze,"3.419,70"
2022-12-08,Nissan Kicks,"3.169,80"
2022-12-08,Fiat Argo,"1.849,80"
2022-12-08,Chevrolet Onix,"1.949,70"
2022-12-08,Chevrolet Onix,"2.499,90"
2022-12-08,Fiat Strada,"2.419,80"
2022-12-08,Chevrolet Tracker,"3.339,90"
2022-12-08,Renault Kwid,"1.669,80"
2022-12-08,Chevrolet Onix,"2.339,70"
2022-12-08,Fiat Mobi,"1.699,80"
2022-12-08,Chevrolet Onix,"2.239,80"
2022-12-08,Hyundai HB20,"2.099,70"
2022-12-08,Volkswagen T-Cross,"3.269,70"
2022-12-08,Fiat Argo,"1.899,90"
2022-12-12,Chevrolet S10,"5.539,80"
2022-12-12,Mitsubishi L200,"6.099,90"
2022-12-12,Mitsubishi L200,"6.369,90"
2022-12-12,Chevrolet Cruze,"4.109,70"
2022-12-12,Fiat Cronos,"2.149,80"
2022-12-12,Citroën C3,"1.869,90"
2022-12-12,Peugeot 208,"2.069,70"
2022-12-12,Citroën C4,"2.519,70"
2022-12-12,Peugeot 2008,"2.389,80"
2022-12-12,Renault Kwid,"1.719,90"
2022-12-12,Hyundai HB20,"2.169,90"
2022-12-12,Jeep Renegade,"2.989,80"
2022-12-12,Fiat Toro,"3.799,80"
2022-12-12,Fiat Mobi,"1.559,70"
2022-12-12,Jeep Commander,"5.529,90"
2022-12-12,Citroën C4,"2.419,80"
2022-12-12,Jeep Commander,"6.749,70"
2022-12-12,Volkswagen Nivus,"3.369,90"
2022-12-12,BYD TAN,"13.969,80"
2022-12-12,Jeep Renegade,"3.039,90"
2022-12-12,Jeep Renegade,"3.619,80"
2022-12-12,Nissan Leaf,"3.969,90"
2022-12-12,Jeep Compass,"5.199,90"
2022-12-12,Nissan Kicks,"2.969,70"
2022-12-12,Hyundai HB20,"2.869,80"
2022-12-12,Volkswagen T-Cross,"3.609,90"
2022-12-12,Jeep Compass,"4.149,90"
2022-12-12,Fiat Toro,"5.069,70"
2022-12-12,Nissan Kicks,"3.529,80"
2022-12-12,Chevrolet Spin,"2.819,70"
2022-12-12,Chevrolet Cruze,"3.419,70"
2022-12-12,Nissan Kicks,"3.169,80"
2022-12-12,Fiat Argo,"1.849,80"
2022-12-12,Chevrolet Onix,"1.949,70"
2022-12-12,Chevrolet Onix,"2.499,90"
2022-12-12,Fiat Strada,"2.419,80"
2022-12-12,Chevrolet Tracker,"3.339,90"
2022-12-12,Renault Kwid,"1.669,80"
2022-12-12,Chevrolet Onix,"2.339,70"
2022-12-12,Fiat Mobi,"1.699,80"
2022-12-12,Chevrolet Onix,"2.239,80"
2022-12-12,Hyundai HB20,"2.099,70"
2022-12-12,Volkswagen T-Cross,"3.269,70"
2022-12-12,Fiat Argo,"1.899,90"
2022-12-13,Chevrolet S10,"5.539,80"
2022-12-13,Mitsubishi L200,"6.099,90"
2022-12-13,Mitsubishi L200,"6.369,90"
2022-12-13,Chevrolet Cruze,"4.109,70"
2022-12-13,Fiat Cronos,"2.149,80"
2022-12-13,Citroën C3,"1.869,90"
2022-12-13,Peugeot 208,"2.069,70"
2022-12-13,Citroën C4,"2.439,90"
2022-12-13,Peugeot 2008,"2.239,80"
2022-12-13,Renault Kwid,"1.719,90"
2022-12-13,Hyundai HB20,"2.169,90"
2022-12-13,Jeep Renegade,"2.989,80"
2022-12-13,Fiat Toro,"3.799,80"
2022-12-13,Fiat Mobi,"1.559,70"
2022-12-13,Jeep Commander,"5.529,90"
2022-12-13,Citroën C4,"2.269,80"
2022-12-13,Jeep Commander,"6.749,70"
2022-12-13,Volkswagen Nivus,"3.369,90"
2022-12-13,BYD TAN,"13.969,80"
2022-12-13,Jeep Renegade,"3.039,90"
2022-12-13,Jeep Renegade,"3.619,80"
2022-12-13,Nissan Leaf,"3.969,90"
2022-12-13,Jeep Compass,"5.199,90"
2022-12-13,Nissan Kicks,"2.969,70"
2022-12-13,Hyundai HB20,"2.869,80"
2022-12-13,Volkswagen T-Cross,"3.609,90"
2022-12-13,Jeep Compass,"4.149,90"
2022-12-13,Fiat Toro,"5.069,70"
2022-12-13,Nissan Kicks,"3.529,80"
2022-12-13,Chevrolet Spin,"2.819,70"
2022-12-13,Chevrolet Cruze,"3.419,70"
2022-12-13,Nissan Kicks,"3.169,80"
2022-12-13,Fiat Argo,"1.849,80"
2022-12-13,Chevrolet Onix,"1.949,70"
2022-12-13,Chevrolet Onix,"2.499,90"
2022-12-13,Fiat Strada,"2.419,80"
2022-12-13,Chevrolet Tracker,"3.339,90"
2022-12-13,Renault Kwid,"1.669,80"
2022-12-13,Chevrolet Onix,"2.339,70"
2022-12-13,Fiat Mobi,"1.699,80"
2022-12-13,Chevrolet Onix,"2.239,80"
2022-12-13,Hyundai HB20,"2.099,70"
2022-12-13,Volkswagen T-Cross,"3.269,70"
2022-12-13,Fiat Argo,"1.899,90"
2022-12-14,Chevrolet S10,"5.539,80"
2022-12-14,Mitsubishi L200,"6.099,90"
2022-12-14,Mitsubishi L200,"6.369,90"
2022-12-14,Chevrolet Cruze,"4.109,70"
2022-12-14,Fiat Cronos,"2.149,80"
2022-12-14,Citroën C3,"1.869,90"
2022-12-14,Hyundai HB20,"2.639,70"
2022-12-14,Peugeot 208,"2.069,70"
2022-12-14,Citroën C4,"2.439,90"
2022-12-14,Peugeot 2008,"2.239,80"
2022-12-14,Renault Kwid,"1.719,90"
2022-12-14,Hyundai HB20,"2.169,90"
2022-12-14,Jeep Renegade,"2.989,80"
2022-12-14,Fiat Toro,"3.799,80"
2022-12-14,Fiat Mobi,"1.559,70"
2022-12-14,Jeep Commander,"5.529,90"
2022-12-14,Citroën C4,"2.269,80"
2022-12-14,Jeep Commander,"6.749,70"
2022-12-14,Volkswagen Nivus,"3.369,90"
2022-12-14,BYD TAN,"13.969,80"
2022-12-14,Jeep Renegade,"3.039,90"
2022-12-14,Jeep Renegade,"3.619,80"
2022-12-14,Nissan Leaf,"3.969,90"
2022-12-14,Jeep Compass,"5.199,90"
2022-12-14,Nissan Kicks,"2.969,70"
2022-12-14,Hyundai HB20,"2.869,80"
2022-12-14,Volkswagen T-Cross,"3.609,90"
2022-12-14,Jeep Compass,"4.149,90"
2022-12-14,Fiat Toro,"5.069,70"
2022-12-14,Nissan Kicks,"3.529,80"
2022-12-14,Chevrolet Spin,"2.819,70"
2022-12-14,Chevrolet Cruze,"3.419,70"
2022-12-14,Nissan Kicks,"3.169,80"
2022-12-14,Fiat Argo,"1.849,80"
2022-12-14,Chevrolet Onix,"1.949,70"
2022-12-14,Chevrolet Onix,"2.499,90"
2022-12-14,Fiat Strada,"2.419,80"
2022-12-14,Chevrolet Tracker,"3.339,90"
2022-12-14,Renault Kwid,"1.669,80"
2022-12-14,Chevrolet Onix,"2.339,70"
2022-12-14,Fiat Mobi,"1.699,80"
2022-12-14,Chevrolet Onix,"2.239,80"
2022-12-14,Hyundai HB20,"2.099,70"
2022-12-14,Volkswagen T-Cross,"3.269,70"
2022-12-14,Fiat Argo,"1.899,90"
2022-12-15,Chevrolet S10,"5.539,80"
2022-12-15,Mitsubishi L200,"6.099,90"
2022-12-15,Mitsubishi L200,"6.369,90"
2022-12-15,Chevrolet Cruze,"4.109,70"
2022-12-15,Fiat Cronos,"2.149,80"
2022-12-15,Citroën C3,"1.869,90"
2022-12-15,Hyundai HB20,"2.639,70"
2022-12-15,Peugeot 208,"2.069,70"
2022-12-15,Citroën C4,"2.439,90"
2022-12-15,Peugeot 2008,"2.239,80"
2022-12-15,Renault Kwid,"1.719,90"
2022-12-15,Hyundai HB20,"2.169,90"
2022-12-15,Jeep Renegade,"2.989,80"
2022-12-15,Fiat Toro,"3.799,80"
2022-12-15,Fiat Mobi,"1.559,70"
2022-12-15,Jeep Commander,"5.529,90"
2022-12-15,Citroën C4,"2.269,80"
2022-12-15,Jeep Commander,"6.749,70"
2022-12-15,Volkswagen Nivus,"3.369,90"
2022-12-15,BYD TAN,"13.969,80"
2022-12-15,Jeep Renegade,"3.039,90"
2022-12-15,Jeep Renegade,"3.619,80"
2022-12-15,Nissan Leaf,"3.969,90"
2022-12-15,Jeep Compass,"5.199,90"
2022-12-15,Nissan Kicks,"2.969,70"
2022-12-15,Hyundai HB20,"2.869,80"
2022-12-15,Volkswagen T-Cross,"3.609,90"
2022-12-15,Jeep Compass,"4.149,90"
2022-12-15,Fiat Toro,"5.069,70"
2022-12-15,Nissan Kicks,"3.529,80"
2022-12-15,Chevrolet Spin,"2.819,70"
2022-12-15,Chevrolet Cruze,"3.419,70"
2022-12-15,Nissan Kicks,"3.169,80"
2022-12-15,Fiat Argo,"1.849,80"
2022-12-15,Chevrolet Onix,"1.949,70"
2022-12-15,Chevrolet Onix,"2.499,90"
2022-12-15,Fiat Strada,"2.419,80"
2022-12-15,Chevrolet Tracker,"3.339,90"
2022-12-15,Renault Kwid,"1.669,80"
2022-12-15,Chevrolet Onix,"2.339,70"
2022-12-15,Fiat Mobi,"1.699,80"
2022-12-15,Chevrolet Onix,"2.239,80"
2022-12-15,Hyundai HB20,"2.099,70"
2022-12-15,Volkswagen T-Cross,"3.269,70"
2022-12-15,Fiat Argo,"1.899,90"
2022-12-26,Chevrolet S10,"5.539,80"
2022-12-26,Mitsubishi L200,"6.099,90"
2022-12-26,Mitsubishi L200,"6.369,90"
2022-12-26,Chevrolet Cruze,"4.109,70"
2022-12-26,Fiat Cronos,"2.149,80"
2022-12-26,Citroën C3,"1.869,90"
2022-12-26,Hyundai HB20,"2.889,90"
2022-12-26,Hyundai HB20,"2.309,70"
2022-12-26,Hyundai HB20,"2.639,70"
2022-12-26,Peugeot 208,"2.069,70"
2022-12-26,Citroën C4,"2.439,90"
2022-12-26,Peugeot 2008,"2.239,80"
2022-12-26,Renault Kwid,"1.719,90"
2022-12-26,Hyundai HB20,"2.169,90"
2022-12-26,Jeep Renegade,"2.989,80"
2022-12-26,Fiat Toro,"3.799,80"
2022-12-26,Fiat Mobi,"1.559,70"
2022-12-26,Jeep Commander,"5.529,90"
2022-12-26,Citroën C4,"2.269,80"
2022-12-26,Jeep Commander,"6.749,70"
2022-12-26,Volkswagen Nivus,"3.369,90"
2022-12-26,BYD TAN,"13.969,80"
2022-12-26,Jeep Renegade,"3.039,90"
2022-12-26,Jeep Renegade,"3.619,80"
2022-12-26,Nissan Leaf,"3.969,90"
2022-12-26,Jeep Compass,"5.199,90"
2022-12-26,Nissan Kicks,"2.969,70"
2022-12-26,Hyundai HB20,"2.869,80"
2022-12-26,Volkswagen T-Cross,"3.609,90"
2022-12-26,Jeep Compass,"4.149,90"
2022-12-26,Fiat Toro,"5.069,70"
2022-12-26,Nissan Kicks,"3.529,80"
2022-12-26,Chevrolet Spin,"2.819,70"
2022-12-26,Chevrolet Cruze,"3.419,70"
2022-12-26,Nissan Kicks,"3.169,80"
2022-12-26,Fiat Argo,"1.849,80"
2022-12-26,Fiat Strada,"2.419,80"
2022-12-26,Chevrolet Tracker,"3.339,90"
2022-12-26,Renault Kwid,"1.669,80"
2022-12-26,Fiat Mobi,"1.699,80"
2022-12-26,Hyundai HB20,"2.099,70"
2022-12-26,Volkswagen T-Cross,"3.269,70"
2022-12-26,Fiat Argo,"1.899,90"
2022-12-27,Chevrolet S10,"5.539,80"
2022-12-27,Mitsubishi L200,"6.099,90"
2022-12-27,Mitsubishi L200,"6.369,90"
2022-12-27,Chevrolet Cruze,"4.109,70"
2022-12-27,Fiat Cronos,"2.149,80"
2022-12-27,Citroën C3,"1.869,90"
2022-12-27,Hyundai HB20,"2.889,90"
2022-12-27,Hyundai HB20,"2.309,70"
2022-12-27,Hyundai HB20,"2.639,70"
2022-12-27,Peugeot 208,"2.069,70"
2022-12-27,Citroën C4,"2.439,90"
2022-12-27,Peugeot 2008,"2.239,80"
2022-12-27,Renault Kwid,"1.719,90"
2022-12-27,Hyundai HB20,"2.169,90"
2022-12-27,Jeep Renegade,"2.989,80"
2022-12-27,Fiat Toro,"3.799,80"
2022-12-27,Fiat Mobi,"1.559,70"
2022-12-27,Jeep Commander,"5.529,90"
2022-12-27,Citroën C4,"2.269,80"
2022-12-27,Jeep Commander,"6.749,70"
2022-12-27,Volkswagen Nivus,"3.369,90"
2022-12-27,BYD TAN,"13.969,80"
2022-12-27,Jeep Renegade,"3.039,90"
2022-12-27,Jeep Renegade,"3.619,80"
2022-12-27,Nissan Leaf,"3.969,90"
2022-12-27,Jeep Compass,"5.199,90"
2022-12-27,Nissan Kicks,"2.969,70"
2022-12-27,Hyundai HB20,"2.869,80"
2022-12-27,Volkswagen T-Cross,"3.609,90"
2022-12-27,Jeep Compass,"4.149,90"
2022-12-27,Fiat Toro,"5.069,70"
2022-12-27,Nissan Kicks,"3.529,80"
2022-12-27,Chevrolet Spin,"2.819,70"
2022-12-27,Chevrolet Cruze,"3.419,70"
2022-12-27,Nissan Kicks,"3.169,80"
2022-12-27,Fiat Argo,"1.849,80"
2022-12-27,Fiat Strada,"2.419,80"
2022-12-27,Chevrolet Tracker,"3.339,90"
2022-12-27,Renault Kwid,"1.669,80"
2022-12-27,Fiat Mobi,"1.699,80"
2022-12-27,Hyundai HB20,"2.099,70"
2022-12-27,Volkswagen T-Cross,"3.269,70"
2022-12-27,Fiat Argo,"1.899,90"
2022-12-28,Chevrolet S10,"5.539,80"
2022-12-28,Mitsubishi L200,"6.369,90"
2022-12-28,Chevrolet Cruze,"4.109,70"
2022-12-28,Fiat Cronos,"2.149,80"
2022-12-28,Citroën C3,"1.869,90"
2022-12-28,Hyundai HB20,"2.889,90"
2022-12-28,Hyundai HB20,"2.309,70"
2022-12-28,Hyundai HB20,"2.639,70"
2022-12-28,Peugeot 208,"2.069,70"
2022-12-28,Citroën C4,"2.439,90"
2022-12-28,Peugeot 2008,"2.239,80"
2022-12-28,Renault Kwid,"1.719,90"
2022-12-28,Hyundai HB20,"2.169,90"
2022-12-28,Jeep Renegade,"2.989,80"
2022-12-28,Fiat Toro,"3.799,80"
2022-12-28,Fiat Mobi,"1.559,70"
2022-12-28,Jeep Commander,"5.529,90"
2022-12-28,Citroën C4,"2.269,80"
2022-12-28,Jeep Commander,"6.749,70"
2022-12-28,Volkswagen Nivus,"3.369,90"
2022-12-28,BYD TAN,"13.969,80"
2022-12-28,Jeep Renegade,"3.039,90"
2022-12-28,Jeep Renegade,"3.619,80"
2022-12-28,Nissan Leaf,"3.969,90"
2022-12-28,Jeep Compass,"5.199,90"
2022-12-28,Nissan Kicks,"2.969,70"
2022-12-28,Hyundai HB20,"2.869,80"
2022-12-28,Volkswagen T-Cross,"3.609,90"
2022-12-28,Jeep Compass,"4.149,90"
2022-12-28,Fiat Toro,"5.069,70"
2022-12-28,Nissan Kicks,"3.529,80"
2022-12-28,Chevrolet Spin,"2.819,70"
2022-12-28,Chevrolet Cruze,"3.419,70"
2022-12-28,Nissan Kicks,"3.169,80"
2022-12-28,Fiat Argo,"1.849,80"
2022-12-28,Fiat Strada,"2.419,80"
2022-12-28,Chevrolet Tracker,"3.339,90"
2022-12-28,Toyota Corolla,"3.669,90"
2022-12-28,Renault Kwid,"1.669,80"
2022-12-28,Fiat Mobi,"1.699,80"
2022-12-28,Hyundai HB20,"2.099,70"
2022-12-28,Volkswagen T-Cross,"3.269,70"
2022-12-28,Fiat Argo,"1.899,90"
2022-12-29,Chevrolet S10,"5.539,80"
2022-12-29,Mitsubishi L200,"6.369,90"
2022-12-29,Chevrolet Cruze,"4.109,70"
2022-12-29,Fiat Cronos,"2.149,80"
2022-12-29,Citroën C3,"1.869,90"
2022-12-29,Hyundai HB20,"2.889,90"
2022-12-29,Hyundai HB20,"2.309,70"
2022-12-29,Hyundai HB20,"2.639,70"
2022-12-29,Peugeot 208,"2.069,70"
2022-12-29,Citroën C4,"2.439,90"
2022-12-29,Peugeot 2008,"2.239,80"
2022-12-29,Renault Kwid,"1.719,90"
2022-12-29,Hyundai HB20,"2.169,90"
2022-12-29,Jeep Renegade,"2.989,80"
2022-12-29,Fiat Toro,"3.799,80"
2022-12-29,Fiat Mobi,"1.559,70"
2022-12-29,Jeep Commander,"5.529,90"
2022-12-29,Citroën C4,"2.269,80"
2022-12-29,Jeep Commander,"6.749,70"
2022-12-29,Volkswagen Nivus,"3.369,90"
2022-12-29,BYD TAN,"13.969,80"
2022-12-29,Jeep Renegade,"3.039,90"
2022-12-29,Jeep Renegade,"3.619,80"
2022-12-29,Nissan Leaf,"3.969,90"
2022-12-29,Jeep Compass,"5.199,90"
2022-12-29,Nissan Kicks,"2.969,70"
2022-12-29,Hyundai HB20,"2.869,80"
2022-12-29,Volkswagen T-Cross,"3.609,90"
2022-12-29,Jeep Compass,"4.149,90"
2022-12-29,Fiat Toro,"5.069,70"
2022-12-29,Nissan Kicks,"3.529,80"
2022-12-29,Chevrolet Spin,"2.819,70"
2022-12-29,Chevrolet Cruze,"3.419,70"
2022-12-29,Nissan Kicks,"3.169,80"
2022-12-29,Fiat Argo,"1.849,80"
2022-12-29,Fiat Strada,"2.419,80"
2022-12-29,Chevrolet Tracker,"3.339,90"
2022-12-29,Toyota Corolla,"3.669,90"
2022-12-29,Renault Kwid,"1.669,80"
2022-12-29,Fiat Mobi,"1.699,80"
2022-12-29,Hyundai HB20,"2.099,70"
2022-12-29,Volkswagen T-Cross,"3.269,70"
2022-12-29,Fiat Argo,"1.899,90"
2023-01-02,Chevrolet S10,"5.539,80"
2023-01-02,Mitsubishi L200,"6.369,90"
2023-01-02,Chevrolet Cruze,"4.109,70"
2023-01-02,Fiat Cronos,"2.149,80"
2023-01-02,Citroën C3,"1.869,90"
2023-01-02,Hyundai HB20,"2.889,90"
2023-01-02,Hyundai HB20,"2.309,70"
2023-01-02,Hyundai HB20,"2.659,80"
2023-01-02,Chery Tiggo,"4.639,80"
2023-01-02,Chevrolet Cruze,"2.969,70"
2023-01-02,Peugeot 208,"2.269,80"
2023-01-02,Peugeot 208,"2.069,70"
2023-01-02,Citroën C4,"2.439,90"
2023-01-02,Peugeot 2008,"2.369,70"
2023-01-02,Renault Kwid,"1.719,90"
2023-01-02,Hyundai HB20,"2.169,90"
2023-01-02,Jeep Renegade,"2.969,70"
2023-01-02,Fiat Toro,"3.799,80"
2023-01-02,Jeep Commander,"5.529,90"
2023-01-02,Citroën C4,"2.269,80"
2023-01-02,Jeep Commander,"6.749,70"
2023-01-02,Volkswagen Nivus,"3.369,90"
2023-01-02,BYD TAN,"13.969,80"
2023-01-02,Jeep Renegade,"3.619,80"
2023-01-02,Nissan Leaf,"3.969,90"
2023-01-02,Jeep Compass,"5.169,90"
2023-01-02,Nissan Kicks,"2.969,70"
2023-01-02,Hyundai HB20,"2.869,80"
2023-01-02,Volkswagen T-Cross,"3.609,90"
2023-01-02,Jeep Compass,"4.119,90"
2023-01-02,Fiat Toro,"5.069,70"
2023-01-02,Nissan Kicks,"3.529,80"
2023-01-02,Chevrolet Spin,"2.819,70"
2023-01-02,Chevrolet Cruze,"3.419,70"
2023-01-02,Nissan Kicks,"3.169,80"
2023-01-02,Fiat Argo,"1.799,70"
2023-01-02,Fiat Strada,"2.419,80"
2023-01-02,Chevrolet Tracker,"3.369,90"
2023-01-02,Toyota Corolla,"3.669,90"
2023-01-02,Renault Kwid,"1.669,80"
2023-01-02,Fiat Mobi,"1.639,80"
2023-01-02,Hyundai HB20,"2.099,70"
2023-01-02,Volkswagen T-Cross,"3.269,70"
2023-01-02,Fiat Argo,"1.879,80"
2023-01-03,Chevrolet S10,"5.539,80"
2023-01-03,Mitsubishi L200,"6.369,90"
2023-01-03,Chevrolet Cruze,"4.109,70"
2023-01-03,Fiat Cronos,"2.149,80"
2023-01-03,Citroën C3,"1.869,90"
2023-01-03,Hyundai HB20,"2.889,90"
2023-01-03,Hyundai HB20,"2.309,70"
2023-01-03,Hyundai HB20,"2.659,80"
2023-01-03,Chery Tiggo,"4.639,80"
2023-01-03,Chevrolet Cruze,"2.969,70"
2023-01-03,Peugeot 208,"2.269,80"
2023-01-03,Peugeot 208,"2.069,70"
2023-01-03,Citroën C4,"2.439,90"
2023-01-03,Peugeot 2008,"2.369,70"
2023-01-03,Renault Kwid,"1.719,90"
2023-01-03,Hyundai HB20,"2.169,90"
2023-01-03,Jeep Renegade,"2.969,70"
2023-01-03,Fiat Toro,"3.799,80"
2023-01-03,Jeep Commander,"5.529,90"
2023-01-03,Citroën C4,"2.269,80"
2023-01-03,Jeep Commander,"6.749,70"
2023-01-03,Volkswagen Nivus,"3.369,90"
2023-01-03,BYD TAN,"13.969,80"
2023-01-03,Jeep Renegade,"3.619,80"
2023-01-03,Nissan Leaf,"3.969,90"
2023-01-03,Jeep Compass,"5.169,90"
2023-01-03,Nissan Kicks,"2.969,70"
2023-01-03,Hyundai HB20,"2.869,80"
2023-01-03,Volkswagen T-Cross,"3.609,90"
2023-01-03,Jeep Compass,"4.119,90"
2023-01-03,Fiat Toro,"5.069,70"
2023-01-03,Nissan Kicks,"3.529,80"
2023-01-03,Chevrolet Spin,"2.819,70"
2023-01-03,Chevrolet Cruze,"3.419,70"
2023-01-03,Nissan Kicks,"3.169,80"
2023-01-03,Fiat Argo,"1.799,70"
2023-01-03,Fiat Strada,"2.419,80"
2023-01-03,Chevrolet Tracker,"3.369,90"
2023-01-03,Toyota Corolla,"3.669,90"
2023-01-03,Renault Kwid,"1.669,80"
2023-01-03,Fiat Mobi,"1.639,80"
2023-01-03,Hyundai HB20,"2.099,70"
2023-01-03,Volkswagen T-Cross,"3.269,70"
2023-01-03,Fiat Argo,"1.879,80"
2023-01-04,Chevrolet S10,"5.539,80"
2023-01-04,Chevrolet Cruze,"4.109,70"
2023-01-04,Fiat Cronos,"2.149,80"
2023-01-04,Citroën C3,"1.869,90"
2023-01-04,Hyundai HB20,"2.889,90"
2023-01-04,Hyundai HB20,"2.309,70"
2023-01-04,Hyundai HB20,"2.659,80"
2023-01-04,Chery Tiggo,"5.469,30"
2023-01-04,Chevrolet Cruze,"2.969,70"
2023-01-04,Peugeot 208,"2.269,80"
2023-01-04,Peugeot 208,"2.069,70"
2023-01-04,Citroën C4,"2.439,90"
2023-01-04,Peugeot 2008,"2.369,70"
2023-01-04,Renault Kwid,"1.719,90"
2023-01-04,Hyundai HB20,"2.169,90"
2023-01-04,Jeep Renegade,"2.969,70"
2023-01-04,Fiat Toro,"3.799,80"
2023-01-04,Jeep Commander,"5.529,90"
2023-01-04,Citroën C4,"2.269,80"
2023-01-04,Jeep Commander,"6.749,70"
2023-01-04,Volkswagen Nivus,"3.369,90"
2023-01-04,BYD TAN,"13.969,80"
2023-01-04,Jeep Renegade,"3.619,80"
2023-01-04,Nissan Leaf,"3.969,90"
2023-01-04,Jeep Compass,"5.169,90"
2023-01-04,Nissan Kicks,"2.969,70"
2023-01-04,Hyundai HB20,"2.869,80"
2023-01-04,Volkswagen T-Cross,"3.609,90"
2023-01-04,Jeep Compass,"4.119,90"
2023-01-04,Fiat Toro,"5.069,70"
2023-01-04,Nissan Kicks,"3.529,80"
2023-01-04,Chevrolet Spin,"2.819,70"
2023-01-04,Chevrolet Cruze,"3.419,70"
2023-01-04,Nissan Kicks,"3.169,80"
2023-01-04,Fiat Argo,"1.799,70"
2023-01-04,Fiat Strada,"2.419,80"
2023-01-04,Chevrolet Tracker,"3.369,90"
2023-01-04,Toyota Corolla,"3.669,90"
2023-01-04,Renault Kwid,"1.669,80"
2023-01-04,Fiat Mobi,"1.639,80"
2023-01-04,Hyundai HB20,"2.099,70"
2023-01-04,Volkswagen T-Cross,"3.269,70"
2023-01-04,Fiat Argo,"1.879,80"
2023-01-05,Chevrolet S10,"5.539,80"
2023-01-05,Chevrolet Cruze,"4.109,70"
2023-01-05,Fiat Cronos,"2.149,80"
2023-01-05,Citroën C3,"1.869,90"
2023-01-05,Hyundai HB20,"2.889,90"
2023-01-05,Hyundai HB20,"2.309,70"
2023-01-05,Hyundai HB20,"2.659,80"
2023-01-05,Chery Tiggo,"5.469,30"
2023-01-05,Chevrolet Cruze,"2.969,70"
2023-01-05,Peugeot 208,"2.269,80"
2023-01-05,Peugeot 208,"2.069,70"
2023-01-05,Citroën C4,"2.439,90"
2023-01-05,Peugeot 2008,"2.369,70"
2023-01-05,Renault Kwid,"1.719,90"
2023-01-05,Hyundai HB20,"2.169,90"
2023-01-05,Jeep Renegade,"2.969,70"
2023-01-05,Fiat Toro,"3.799,80"
2023-01-05,Jeep Commander,"5.529,90"
2023-01-05,Citroën C4,"2.269,80"
2023-01-05,Jeep Commander,"6.749,70"
2023-01-05,Volkswagen Nivus,"3.369,90"
2023-01-05,BYD TAN,"13.969,80"
2023-01-05,Jeep Renegade,"3.619,80"
2023-01-05,Nissan Leaf,"3.969,90"
2023-01-05,Jeep Compass,"5.169,90"
2023-01-05,Nissan Kicks,"2.969,70"
2023-01-05,Hyundai HB20,"2.869,80"
2023-01-05,Volkswagen T-Cross,"3.609,90"
2023-01-05,Jeep Compass,"4.119,90"
2023-01-05,Fiat Toro,"5.069,70"
2023-01-05,Nissan Kicks,"3.529,80"
2023-01-05,Chevrolet Spin,"2.819,70"
2023-01-05,Chevrolet Cruze,"3.419,70"
2023-01-05,Nissan Kicks,"3.169,80"
2023-01-05,Fiat Argo,"1.799,70"
2023-01-05,Fiat Strada,"2.419,80"
2023-01-05,Chevrolet Tracker,"3.369,90"
2023-01-05,Toyota Corolla,"3.669,90"
2023-01-05,Renault Kwid,"1.669,80"
2023-01-05,Fiat Mobi,"1.639,80"
2023-01-05,Hyundai HB20,"2.099,70"
2023-01-05,Volkswagen T-Cross,"3.269,70"
2023-01-05,Fiat Argo,"1.879,80"
2023-01-06,Chevrolet S10,"5.539,80"
2023-01-06,Chevrolet Cruze,"4.109,70"
2023-01-06,Fiat Cronos,"2.149,80"
2023-01-06,Citroën C3,"1.869,90"
2023-01-06,Hyundai HB20,"2.889,90"
2023-01-06,Hyundai HB20,"2.309,70"
2023-01-06,Hyundai HB20,"2.659,80"
2023-01-06,Chery Tiggo,"5.469,30"
2023-01-06,Chevrolet Cruze,"2.969,70"
2023-01-06,Peugeot 208,"2.269,80"
2023-01-06,Peugeot 208,"2.069,70"
2023-01-06,Citroën C4,"2.439,90"
2023-01-06,Peugeot 2008,"2.369,70"
2023-01-06,Renault Kwid,"1.719,90"
2023-01-06,Hyundai HB20,"2.139,90"
2023-01-06,Jeep Renegade,"2.969,70"
2023-01-06,Fiat Toro,"3.799,80"
2023-01-06,Jeep Commander,"5.529,90"
2023-01-06,Citroën C4,"2.269,80"
2023-01-06,Jeep Commander,"6.749,70"
2023-01-06,Volkswagen Nivus,"3.369,90"
2023-01-06,BYD TAN,"13.969,80"
2023-01-06,Jeep Renegade,"3.619,80"
2023-01-06,Nissan Leaf,"3.969,90"
2023-01-06,Jeep Compass,"5.169,90"
2023-01-06,Nissan Kicks,"2.969,70"
2023-01-06,Hyundai HB20,"2.869,80"
2023-01-06,Volkswagen T-Cross,"3.609,90"
2023-01-06,Jeep Compass,"4.119,90"
2023-01-06,Fiat Toro,"5.069,70"
2023-01-06,Nissan Kicks,"3.529,80"
2023-01-06,Chevrolet Spin,"2.819,70"
2023-01-06,Chevrolet Cruze,"3.419,70"
2023-01-06,Nissan Kicks,"3.169,80"
2023-01-06,Fiat Argo,"1.799,70"
2023-01-06,Fiat Strada,"2.419,80"
2023-01-06,Toyota Corolla,"3.669,90"
2023-01-06,Renault Kwid,"1.669,80"
2023-01-06,Fiat Mobi,"1.639,80"
2023-01-06,Hyundai HB20,"2.099,70"
2023-01-06,Volkswagen T-Cross,"3.269,70"
2023-01-06,Fiat Argo,"1.879,80"
2023-01-09,Chevrolet Cruze,"4.109,70"
2023-01-09,Citroën C3,"1.869,90"
2023-01-09,Hyundai HB20,"2.889,90"
2023-01-09,Hyundai HB20,"2.309,70"
2023-01-09,Hyundai HB20,"2.659,80"
2023-01-09,Chery Tiggo,"5.469,30"
2023-01-09,Chevrolet Cruze,"2.969,70"
2023-01-09,Peugeot 208,"2.269,80"
2023-01-09,Peugeot 208,"2.069,70"
2023-01-09,Citroën C4,"2.439,90"
2023-01-09,Peugeot 2008,"2.369,70"
2023-01-09,Renault Kwid,"1.719,90"
2023-01-09,Hyundai HB20,"2.139,90"
2023-01-09,Jeep Renegade,"2.969,70"
2023-01-09,Jeep Commander,"5.529,90"
2023-01-09,Citroën C4,"2.269,80"
2023-01-09,Jeep Commander,"6.749,70"
2023-01-09,Volkswagen Nivus,"3.369,90"
2023-01-09,BYD TAN,"13.969,80"
2023-01-09,Jeep Renegade,"3.619,80"
2023-01-09,Nissan Leaf,"3.969,90"
2023-01-09,Jeep Compass,"5.169,90"
2023-01-09,Nissan Kicks,"2.969,70"
2023-01-09,Hyundai HB20,"2.869,80"
2023-01-09,Volkswagen T-Cross,"3.609,90"
2023-01-09,Jeep Compass,"4.119,90"
2023-01-09,Nissan Kicks,"3.529,80"
2023-01-09,Chevrolet Cruze,"3.419,70"
2023-01-09,Nissan Kicks,"3.169,80"
2023-01-09,Fiat Argo,"1.799,70"
2023-01-09,Fiat Strada,"2.419,80"
2023-01-09,Toyota Corolla,"3.669,90"
2023-01-09,Renault Kwid,"1.669,80"
2023-01-09,Fiat Mobi,"1.639,80"
2023-01-09,Hyundai HB20,"2.099,70"
2023-01-09,Volkswagen T-Cross,"3.269,70"
2023-01-09,Fiat Argo,"1.879,80"
