Code,Data,Empresa,Membro,Ativo,Qnt. Inicial,Qnt. Final,Saldo
14206,09/2022,BRB BCO DE BRASILIA S.A.,Conselho Administração,Ações,19.300,19.300,0
14206,09/2022,BRB BCO DE BRASILIA S.A.,Conselho Administração,Ações,5.010,5.010,0
14206,09/2022,BRB BCO DE BRASILIA S.A.,Conselho Fiscal,Ações,220,220,0
14206,09/2022,BRB BCO DE BRASILIA S.A.,Órgãos Técnicos ou Consultivos,Ações,10,10,0
14451,09/2022,CIA ENERGETICA DE BRASILIA,Controlador,Ações,80.356.908,80.356.908,0
14451,09/2022,CIA ENERGETICA DE BRASILIA,Controlador,Ações,58.388.400,58.388.400,0
26069,09/2022,"ARMAC LOCAÇÃO, LOGÍSTICA E SERVIÇOS S.A.",Controlador,Ações,173.828.046,173.801.820,0
26069,09/2022,"ARMAC LOCAÇÃO, LOGÍSTICA E SERVIÇOS S.A.",Conselho Administração,Ações,3.400,30.600,0
26069,09/2022,"ARMAC LOCAÇÃO, LOGÍSTICA E SERVIÇOS S.A.",Direto,Ações,577.516,576.916,0
26069,09/2022,"ARMAC LOCAÇÃO, LOGÍSTICA E SERVIÇOS S.A.",Órgãos Técnicos ou Consultivos,Ações,0,0,0
22594,09/2022,STATKRAFT ENERGIAS RENOVAVEIS S.A.,Controlador,Ações,218.370.694,218.370.694,0
22594,09/2022,STATKRAFT ENERGIAS RENOVAVEIS S.A.,Controlador,Ações,134.453.234,134.453.234,0
15253,09/2022,ENERGISA S.A.,Controlador,Units,1.088.475,1.303.475,0
15253,09/2022,ENERGISA S.A.,Controlador,Units,14.147.700,14.147.700,0
15253,09/2022,ENERGISA S.A.,Controlador,Units,3.700,3.700,0
15253,09/2022,ENERGISA S.A.,Controlador,Units,600,600,0
15253,09/2022,ENERGISA S.A.,Controlador,Units,2.000,2.000,0
15253,09/2022,ENERGISA S.A.,Controlador,Ações,400.004,400.004,0
15253,09/2022,ENERGISA S.A.,Controlador,Ações,489.051.634,489.051.634,0
15253,09/2022,ENERGISA S.A.,Controlador,Units,63.200,63.200,0
15253,09/2022,ENERGISA S.A.,Conselho Administração,Units,500.920,693.320,0
15253,09/2022,ENERGISA S.A.,Conselho Administração,Units,640.060,640.060,0
15253,09/2022,ENERGISA S.A.,Conselho Administração,Ações,187.214,191.214,0
15253,09/2022,ENERGISA S.A.,Conselho Administração,Ações,79.904,79.904,0
15253,09/2022,ENERGISA S.A.,Conselho Administração,Units,66.896,66.896,0
15253,09/2022,ENERGISA S.A.,Conselho Administração,Units,5.460,5.460,0
15253,09/2022,ENERGISA S.A.,Direto,Units,36.100,36.100,0
15253,09/2022,ENERGISA S.A.,Direto,Units,0,0,0
15253,09/2022,ENERGISA S.A.,Direto,Ações,0,0,0
15253,09/2022,ENERGISA S.A.,Direto,Ações,0,0,0
15539,09/2022,NEOENERGIA S.A.,Controlador,Ações,1.017.029.112,1.017.029.112,0
15539,09/2022,NEOENERGIA S.A.,Conselho Administração,Ações,477.747,477.747,0
15539,09/2022,NEOENERGIA S.A.,Direto,Ações,32.521,32.521,0
15539,09/2022,NEOENERGIA S.A.,Conselho Fiscal,Ações,4.600,4.600,0
15741,09/2022,WTC AMAZONAS SUITE HOTEL S.A.,Conselho Administração,Ações,7,7,0
15741,09/2022,WTC AMAZONAS SUITE HOTEL S.A.,Direto,Ações,93,93,0
25577,09/2022,CELG DISTRIBUICAO S.A. - CELG D,Controlador,Ações,282.965.232,282.965.232,0
25577,09/2022,CELG DISTRIBUICAO S.A. - CELG D,Conselho Administração,Ações,0,0,0
25577,09/2022,CELG DISTRIBUICAO S.A. - CELG D,Direto,Ações,0,0,0
19186,09/2022,SANEAMENTO DE GOIAS SA,Controlador,Ações,1.336.135.801,1.336.135.801,0
19186,09/2022,SANEAMENTO DE GOIAS SA,Controlador,Ações,354.992.364,354.992.364,0
19186,09/2022,SANEAMENTO DE GOIAS SA,Conselho Administração,Ações,0,0,0
19186,09/2022,SANEAMENTO DE GOIAS SA,Conselho Administração,Ações,0,0,0
19186,09/2022,SANEAMENTO DE GOIAS SA,Direto,Ações,0,0,0
19186,09/2022,SANEAMENTO DE GOIAS SA,Direto,Ações,0,0,0
19186,09/2022,SANEAMENTO DE GOIAS SA,Conselho Fiscal,Ações,0,0,0
19186,09/2022,SANEAMENTO DE GOIAS SA,Conselho Fiscal,Ações,0,0,0
16551,09/2022,WTC RIO EMPREEND. E PARTICIPAÇÕES S.A.,Conselho Administração,Ações,41,41,0
16551,09/2022,WTC RIO EMPREEND. E PARTICIPAÇÕES S.A.,Direto,Ações,959,959,0
16659,09/2022,PORTO SEGURO S.A.,Controlador,Ações,457.883.780,457.883.780,0
16659,09/2022,PORTO SEGURO S.A.,Conselho Administração,Ações,8.800,8.800,0
16659,09/2022,PORTO SEGURO S.A.,Direto,Ações,153.666,118.666,0
16659,09/2022,PORTO SEGURO S.A.,Conselho Fiscal,Ações,0,0,0
16659,09/2022,PORTO SEGURO S.A.,Órgãos Técnicos ou Consultivos,Ações,28.315,28.315,0
16632,09/2022,DEXXOS PARTICIPAÇÕES S.A.,Controlador,Ações,34.476.520,34.476.520,0
16632,09/2022,DEXXOS PARTICIPAÇÕES S.A.,Controlador,Ações,16.275,16.275,0
26050,09/2022,Unifique Telecomunicações S.A.,Controlador,Ações,262.014.440,262.014.440,0
26050,09/2022,Unifique Telecomunicações S.A.,Controlador,Ações,0,0,0
26050,09/2022,Unifique Telecomunicações S.A.,Conselho Administração,Ações,3.427,3.427,0
26050,09/2022,Unifique Telecomunicações S.A.,Conselho Administração,Ações,0,0,0
26050,09/2022,Unifique Telecomunicações S.A.,Direto,Ações,0,0,0
26050,09/2022,Unifique Telecomunicações S.A.,Direto,Ações,0,0,0
20443,09/2022,CIA SIDERURGICA NACIONAL,Conselho Administração,Ações,6.820,6.820,0
16993,09/2022,EMAE - EMPRESA METROP.AGUAS ENERGIA S.A.,Controlador,Ações,14.704.274,14.704.274,0
16993,09/2022,EMAE - EMPRESA METROP.AGUAS ENERGIA S.A.,Controlador,Ações,52.068,52.068,0
16993,09/2022,EMAE - EMPRESA METROP.AGUAS ENERGIA S.A.,Conselho Administração,Ações,0,0,0
16993,09/2022,EMAE - EMPRESA METROP.AGUAS ENERGIA S.A.,Conselho Administração,Ações,0,0,0
16993,09/2022,EMAE - EMPRESA METROP.AGUAS ENERGIA S.A.,Direto,Ações,0,0,0
16993,09/2022,EMAE - EMPRESA METROP.AGUAS ENERGIA S.A.,Direto,Ações,0,0,0
16993,09/2022,EMAE - EMPRESA METROP.AGUAS ENERGIA S.A.,Conselho Fiscal,Ações,0,0,0
16993,09/2022,EMAE - EMPRESA METROP.AGUAS ENERGIA S.A.,Conselho Fiscal,Ações,0,0,0
16993,09/2022,EMAE - EMPRESA METROP.AGUAS ENERGIA S.A.,Órgãos Técnicos ou Consultivos,Ações,0,0,0
16993,09/2022,EMAE - EMPRESA METROP.AGUAS ENERGIA S.A.,Órgãos Técnicos ou Consultivos,Ações,0,0,0
17485,09/2022,ELEKTRO REDES S.A.,Controlador,Ações,91.855.825,91.855.825,0
17485,09/2022,ELEKTRO REDES S.A.,Controlador,Ações,101.279.596,101.279.596,0
17485,09/2022,ELEKTRO REDES S.A.,Conselho Administração,Ações,0,0,0
17485,09/2022,ELEKTRO REDES S.A.,Conselho Administração,Ações,0,0,0
17485,09/2022,NEOENERGIA S.A.,Conselho Administração,Ações,30.742,30.742,0
17485,09/2022,NEOENERGIA S.A.,Conselho Fiscal,Ações,4.600,4.600,0
24910,09/2022,LOCAWEB SERVIÇOS DE INTERNET S.A.,Controlador,Ações,160.282.752,160.282.752,0
24910,09/2022,LOCAWEB SERVIÇOS DE INTERNET S.A.,Controlador,OpçãodeCompra,LWSAL660,LWSAL660,0
24910,09/2022,LOCAWEB SERVIÇOS DE INTERNET S.A.,Controlador,0,OpçãodeCompra,OpçãodeCompra,0
24910,09/2022,LOCAWEB SERVIÇOS DE INTERNET S.A.,Controlador,LWSAL870,0,0,0
24910,09/2022,LOCAWEB SERVIÇOS DE INTERNET S.A.,Conselho Administração,Ações,4.062.400,4.062.400,0
24910,09/2022,LOCAWEB SERVIÇOS DE INTERNET S.A.,Direto,Ações,3.550.948,3.524.748,0
24910,09/2022,LOCAWEB SERVIÇOS DE INTERNET S.A.,Conselho Fiscal,Ações,0,0,0
18414,09/2022,PADTEC HOLDING S.A.,Conselho Administração,Ações,228.820,228.820,0
18414,09/2022,PADTEC HOLDING S.A.,Direto,Ações,23.326,23.326,0
17329,09/2022,ENGIE BRASIL ENERGIA S.A.,Controlador,Ações,560.640.791,560.640.791,0
17329,09/2022,ENGIE BRASIL ENERGIA S.A.,Conselho Administração,Debêntures,3.000,3.000,0
17329,09/2022,ENGIE BRASIL ENERGIA S.A.,Conselho Administração,Debêntures,3.056,3.056,0
17329,09/2022,ENGIE BRASIL ENERGIA S.A.,Conselho Administração,Ações,43.855,43.855,0
17329,09/2022,ENGIE BRASIL ENERGIA S.A.,Conselho Administração,Debêntures,84,84,0
17329,09/2022,ENGIE BRASIL ENERGIA S.A.,Direto,Debêntures,250,250,0
17329,09/2022,ENGIE BRASIL ENERGIA S.A.,Direto,Debêntures,265,265,0
17329,09/2022,ENGIE BRASIL ENERGIA S.A.,Direto,Debêntures,380,380,0
17329,09/2022,ENGIE BRASIL ENERGIA S.A.,Direto,Ações,7.250,7.250,0
17329,09/2022,ENGIE BRASIL ENERGIA S.A.,Conselho Fiscal,Ações,4.583,4.583,0
17329,09/2022,ENGIE BRASIL ENERGIA S.A.,Conselho Fiscal,Debêntures,6,6,0
20397,09/2022,CONC ECOVIAS IMIGRANTES S.A.,Controlador,Ações,270.386.120,270.386.120,0
17892,09/2022,SANTOS BRASIL PARTICIPACOES S.A.,Conselho Administração,Ações,305.924,305.924,0
17892,09/2022,SANTOS BRASIL PARTICIPACOES S.A.,Direto,Ações,4.919.049,4.919.049,0
17892,09/2022,SANTOS BRASIL PARTICIPACOES S.A.,Conselho Fiscal,Ações,1,1,0
17973,09/2022,COGNA EDUCAÇÃO S.A.,Conselho Administração,Ações,31.679.568,31.679.568,0
17973,09/2022,COGNA EDUCAÇÃO S.A.,Direto,Ações,3.605.662,3.665.991,0
17973,09/2022,COGNA EDUCAÇÃO S.A.,Conselho Fiscal,Ações,5.000,5.000,0
17973,09/2022,COGNA EDUCAÇÃO S.A.,Órgãos Técnicos ou Consultivos,Ações,19.941.416,19.941.416,0
22454,09/2022,T4F ENTRETENIMENTO S.A.,Controlador,Ações,33.874.125,33.874.125,0
22454,09/2022,T4F ENTRETENIMENTO S.A.,Conselho Administração,Ações,273.152,273.152,0
22454,09/2022,T4F ENTRETENIMENTO S.A.,Conselho Administração,Ações,0,0,0
22454,09/2022,T4F ENTRETENIMENTO S.A.,Direto,Ações,6.500,6.500,0
18368,09/2022,RIO PARANAPANEMA ENERGIA S.A.,Conselho Administração,Ações,0,0,0
18368,09/2022,RIO PARANAPANEMA ENERGIA S.A.,Conselho Administração,Ações,0,0,0
18368,09/2022,RIO PARANAPANEMA ENERGIA S.A.,Direto,Ações,0,0,0
18368,09/2022,RIO PARANAPANEMA ENERGIA S.A.,Direto,Ações,0,0,0
18368,09/2022,RIO PARANAPANEMA ENERGIA S.A.,Conselho Fiscal,Ações,38.300,38.300,0
18368,09/2022,RIO PARANAPANEMA ENERGIA S.A.,Conselho Fiscal,Ações,34.400,34.400,0
18376,09/2022,CTEEP - CIA TRANSMISSÃO ENERGIA ELÉTRICA PAULISTA,Controlador,Ações,230.856.832,230.856.832,0
18376,09/2022,CTEEP - CIA TRANSMISSÃO ENERGIA ELÉTRICA PAULISTA,Controlador,Ações,5.144.528,5.144.528,0
18376,09/2022,CTEEP - CIA TRANSMISSÃO ENERGIA ELÉTRICA PAULISTA,Conselho Administração,Ações,0,0,0
18376,09/2022,CTEEP - CIA TRANSMISSÃO ENERGIA ELÉTRICA PAULISTA,Conselho Administração,Ações,0,0,0
18376,09/2022,CTEEP - CIA TRANSMISSÃO ENERGIA ELÉTRICA PAULISTA,Direto,Ações,0,0,0
18376,09/2022,CTEEP - CIA TRANSMISSÃO ENERGIA ELÉTRICA PAULISTA,Conselho Fiscal,Ações,0,0,0
18376,09/2022,CTEEP - CIA TRANSMISSÃO ENERGIA ELÉTRICA PAULISTA,Conselho Fiscal,Ações,1.704,1.704,0
25780,09/2022,PETRORECÔNCAVO S.A.,Conselho Administração,Ações,14.800.158,14.790.158,0
25780,09/2022,PETRORECÔNCAVO S.A.,Direto,Ações,1.631.098,1.518.098,0
14605,09/2022,ENERGISA MATO GROSSO-DISTRIBUIDORA DE ENERGIA S/A,Controlador,Ações,54.701.194,54.701.194,0
14605,09/2022,ENERGISA MATO GROSSO-DISTRIBUIDORA DE ENERGIA S/A,Controlador,Ações,71.591.063,71.591.063,0
14605,09/2022,ENERGISA MATO GROSSO-DISTRIBUIDORA DE ENERGIA S/A,Conselho Administração,Ações,11.883,11.883,0
14605,09/2022,ENERGISA MATO GROSSO-DISTRIBUIDORA DE ENERGIA S/A,Conselho Administração,Ações,1,1,0
14605,09/2022,ENERGISA S.A.,Conselho Administração,Ações,48.161,48.161,0
14605,09/2022,ENERGISA S.A.,Conselho Administração,Ações,147.214,151.214,0
14605,09/2022,ENERGISA S.A.,Conselho Administração,Units,838.075,1.030.475,0
14605,09/2022,ENERGISA MATO GROSSO-DISTRIBUIDORA DE ENERGIA S/A,Direto,Ações,0,0,0
14605,09/2022,ENERGISA MATO GROSSO-DISTRIBUIDORA DE ENERGIA S/A,Direto,Ações,0,0,0
14605,09/2022,ENERGISA S.A.,Direto,Units,309.734,310.334,0
14605,09/2022,ENERGISA S.A.,Direto,Ações,40.000,40.000,0
14605,09/2022,ENERGISA S.A.,Direto,Ações,2.900,2.900,0
14605,09/2022,ENERGISA MATO GROSSO-DISTRIBUIDORA DE ENERGIA S/A,Conselho Fiscal,Ações,279.400,272.000,0
14605,09/2022,ENERGISA MATO GROSSO-DISTRIBUIDORA DE ENERGIA S/A,Conselho Fiscal,Ações,0,0,0
26093,09/2022,CLEAR SALE S.A.,Conselho Administração,Ações,75.801.573,75.801.573,0
26093,09/2022,CLEAR SALE S.A.,Direto,Ações,16.656.559,16.697.859,0
26093,09/2022,CLEAR SALE S.A.,Órgãos Técnicos ou Consultivos,Ações,0,0,0
19453,09/2022,ECORODOVIAS INFRAESTRUTURA E LOGÍSTICA S.A.,Controlador,Ações,361.213.610,361.213.610,0
19453,09/2022,ECORODOVIAS INFRAESTRUTURA E LOGÍSTICA S.A.,Conselho Administração,Ações,47.157.860,47.157.860,0
19453,09/2022,ECORODOVIAS INFRAESTRUTURA E LOGÍSTICA S.A.,Direto,Ações,700.001,700.001,0
24945,09/2022,USINA TERMELÉTRICA PAMPA SUL S.A.,Controlador,Debêntures,0,0,0
24945,09/2022,USINA TERMELÉTRICA PAMPA SUL S.A.,Controlador,Debêntures,0,0,0
24945,09/2022,USINA TERMELÉTRICA PAMPA SUL S.A.,Controlador,Ações,1.076.691.999,1.076.691.999,0
19305,09/2022,BIOMM S.A.,Controlador,Ações,23.244.804,23.244.804,0
19305,09/2022,BIOMM S.A.,Controlador,BônusdeSubscrição,165.323,165.323,0
19305,09/2022,BIOMM S.A.,Conselho Administração,Ações,3.080.506,3.080.506,0
19305,09/2022,BIOMM S.A.,Conselho Administração,BônusdeSubscrição,59.234,59.234,0
19305,09/2022,BIOMM S.A.,Direto,Ações,380.324,389.447,0
19305,09/2022,BIOMM S.A.,Direto,BônusdeSubscrição,8.561,8.561,0
922,09/2022,BCO AMAZONIA S.A.,Conselho Administração,Ações,200,200,0
922,09/2022,BCO AMAZONIA S.A.,Direto,Ações,0,0,0
922,09/2022,BCO AMAZONIA S.A.,Conselho Fiscal,Ações,0,0,0
1171,09/2022,BCO ESTADO DO PARA S.A.,Controlador,Ações,9.519.433,9.519.433,0
1171,09/2022,BCO ESTADO DO PARA S.A.,Conselho Administração,Ações,206,8,0
1171,09/2022,BCO ESTADO DO PARA S.A.,Órgãos Técnicos ou Consultivos,Ações,1,1,0
23221,09/2022,SER EDUCACIONAL S.A.,Controlador,Ações,75.484.985,75.484.985,0
23221,09/2022,SER EDUCACIONAL S.A.,Conselho Administração,Ações,539.168,586.968,0
23221,09/2022,SER EDUCACIONAL S.A.,Direto,Ações,7.700,7.700,0
24708,09/2022,Nova Transportadora do Sudeste S.A. - NTS,Conselho Administração,Ações,0,0,0
24708,09/2022,ITAÚSA S.A.,Conselho Administração,Ações,0,0,0
24708,09/2022,ITAÚSA S.A.,Conselho Administração,Ações,18.922,18.922,0
24708,09/2022,Nova Transportadora do Sudeste S.A. - NTS,Direto,Ações,0,0,0
24708,09/2022,ITAÚSA S.A.,Direto,Ações,0,0,0
24708,09/2022,ITAÚSA S.A.,Direto,Ações,13.360,13.360,0
24708,09/2022,Nova Transportadora do Sudeste S.A. - NTS,Conselho Fiscal,Ações,0,0,0
24708,09/2022,ITAÚSA S.A.,Conselho Fiscal,Ações,0,0,0
26301,09/2022,Unigel Participações S.A.,Controlador,Ações,920.962.726,920.962.726,0
26301,09/2022,Unigel Participações S.A.,Conselho Administração,Ações,0,0,0
26301,09/2022,Unigel Participações S.A.,Direto,Ações,0,0,0
25410,09/2022,SBF Comércio de Produtos Esportivos S.A.,Controlador,Ações,2.053.333.161,2.053.333.161,0
25410,09/2022,SBF Comércio de Produtos Esportivos S.A.,Conselho Administração,Ações,0,0,0
25410,09/2022,SBF Comércio de Produtos Esportivos S.A.,Direto,Ações,0,0,0
19909,09/2022,BR MALLS PARTICIPACOES S.A.,Conselho Administração,Ações,133.100,102.000,0
19909,09/2022,BR MALLS PARTICIPACOES S.A.,Direto,Ações,2.798.955,2.798.955,0
23981,09/2022,CTC - CENTRO DE TECNOLOGIA CANAVIEIRA S.A.,Controlador,Ações,493.163,493.163,0
23981,09/2022,CTC - CENTRO DE TECNOLOGIA CANAVIEIRA S.A.,Controlador,RecibodeSubscrição,0,0,0
23531,09/2022,CLARO TELECOM PARTICIPAÇÕES S.A.,Conselho Administração,Ações,0,0,0
23531,09/2022,CLARO TELECOM PARTICIPAÇÕES S.A.,Direto,Ações,0,0,0
14869,09/2022,CIA ENERGETICA DO CEARA - COELCE,Controlador,Ações,47.064.245,47.064.245,0
14869,09/2022,CIA ENERGETICA DO CEARA - COELCE,Controlador,Ações,10.588.006,10.588.006,0
14869,09/2022,CIA ENERGETICA DO CEARA - COELCE,Controlador,Ações,424,424,0
14869,09/2022,CIA ENERGETICA DO CEARA - COELCE,Conselho Administração,Ações,3,3,0
14869,09/2022,CIA ENERGETICA DO CEARA - COELCE,Conselho Administração,Ações,0,0,0
14869,09/2022,CIA ENERGETICA DO CEARA - COELCE,Direto,Ações,0,0,0
14869,09/2022,CIA ENERGETICA DO CEARA - COELCE,Direto,Ações,0,0,0
14869,09/2022,CIA ENERGETICA DO CEARA - COELCE,Direto,Ações,0,0,0
14869,09/2022,CIA ENERGETICA DO CEARA - COELCE,Conselho Fiscal,Ações,3.001,3.001,0
19720,09/2022,BRAZIL REALTY CIA SECURIT. CRÉD. IMOBILIÁRIOS,Conselho Administração,Outros,0,0,0
19720,09/2022,CYRELA BRAZIL REALTY S.A.EMPREEND E PART,Conselho Administração,Ações,74.717.922,74.717.922,0
19720,09/2022,BRAZIL REALTY CIA SECURIT. CRÉD. IMOBILIÁRIOS,Direto,Outros,0,0,0
19720,09/2022,CYRELA BRAZIL REALTY S.A.EMPREEND E PART,Direto,Ações,44.096,44.096,0
20338,09/2022,M.DIAS BRANCO S.A. IND COM DE ALIMENTOS,Controlador,Ações,10.334.741,10.334.741,0
20338,09/2022,M.DIAS BRANCO S.A. IND COM DE ALIMENTOS,Controlador,Ações,214.650.000,214.650.000,0
20338,09/2022,M.DIAS BRANCO S.A. IND COM DE ALIMENTOS,Conselho Administração,Ações,14.311.305,14.311.305,0
20338,09/2022,M.DIAS BRANCO S.A. IND COM DE ALIMENTOS,Direto,Ações,27.571.666,27.420.166,0
1228,09/2022,BCO NORDESTE DO BRASIL S.A.,Conselho Administração,Ações,6,6,0
1228,09/2022,BCO NORDESTE DO BRASIL S.A.,Direto,Ações,2,2,0
1228,09/2022,BCO NORDESTE DO BRASIL S.A.,Conselho Fiscal,Ações,7,7,0
24864,09/2022,ENERGISA SUL-SUDESTE - DISTRIBUIDORA DE ENERGIA S/A,Controlador,Ações,96.381,96.381,0
24864,09/2022,ENERGISA S.A.,Conselho Administração,Ações,48.161,48.161,0
24864,09/2022,ENERGISA S.A.,Conselho Administração,Ações,147.214,151.214,0
24864,09/2022,ENERGISA S.A.,Conselho Administração,Units,838.075,1.030.475,0
24864,09/2022,ENERGISA S.A.,Conselho Administração,Units,0,0,0
24864,09/2022,ENERGISA S.A.,Direto,RecibodeSubscrição,0,0,0
24864,09/2022,ENERGISA S.A.,Direto,Ações,3.005,3.005,0
24864,09/2022,ENERGISA S.A.,Direto,Units,311.168,311.768,0
24864,09/2022,ENERGISA S.A.,Direto,Ações,40.000,40.000,0
23965,09/2022,CINESYSTEM S.A.,Controlador,Ações,18.669.063,18.669.063,0
23965,09/2022,CINESYSTEM S.A.,Conselho Administração,Ações,0,0,0
23965,09/2022,CINESYSTEM S.A.,Direto,Ações,0,0,0
23264,09/2022,AMBEV S.A.,Conselho Administração,Ações,12.194.947,12.194.947,0
23264,09/2022,AMBEV S.A.,Conselho Administração,Outros,0,0,0
23264,09/2022,AMBEV S.A.,Conselho Administração,OpçãodeCompra,0,0,0
23264,09/2022,AMBEV S.A.,Conselho Administração,OpçãodeCompra,0,0,0
23264,09/2022,AMBEV S.A.,Direto,Ações,2.160.571,2.143.371,0
23264,09/2022,AMBEV S.A.,Direto,Outros,447.435,447.435,0
23264,09/2022,AMBEV S.A.,Conselho Fiscal,Ações,0,0,0
20036,09/2022,BRASILAGRO - CIA BRAS DE PROP AGRICOLAS,Controlador,Ações,39.349.530,39.349.530,0
20036,09/2022,BRASILAGRO - CIA BRAS DE PROP AGRICOLAS,Controlador,BônusdeSubscrição,0,0,0
20036,09/2022,BRASILAGRO - CIA BRAS DE PROP AGRICOLAS,Controlador,BônusdeSubscrição,0,0,0
20036,09/2022,BRASILAGRO - CIA BRAS DE PROP AGRICOLAS,Conselho Administração,Ações,100,100,0
20036,09/2022,BRASILAGRO - CIA BRAS DE PROP AGRICOLAS,Direto,Ações,243.653,243.653,0
20036,09/2022,BRASILAGRO - CIA BRAS DE PROP AGRICOLAS,Conselho Fiscal,Ações,0,0,0
26425,09/2022,Aço Verde do Brasil S.A,Controlador,Ações,1.031.745,1.031.745,0
26425,09/2022,Aço Verde do Brasil S.A,Controlador,Ações,206.231,206.231,0
20966,09/2022,SPRINGS GLOBAL PARTICIPACOES S.A.,Controlador,Ações,26.457.710,26.457.710,0
20966,09/2022,CIA TECIDOS NORTE DE MINAS COTEMINAS,Controlador,Ações,172,172,0
20966,09/2022,CIA TECIDOS NORTE DE MINAS COTEMINAS,Controlador,Ações,20.469,20.469,0
20966,09/2022,SPRINGS GLOBAL PARTICIPACOES S.A.,Conselho Administração,Ações,3,3,0
20966,09/2022,CIA TECIDOS NORTE DE MINAS COTEMINAS,Conselho Administração,Ações,10.636,10.636,0
20966,09/2022,CIA TECIDOS NORTE DE MINAS COTEMINAS,Conselho Administração,Ações,5.172,5.172,0
20966,09/2022,SPRINGS GLOBAL PARTICIPACOES S.A.,Direto,Ações,1,1,0
20966,09/2022,CIA TECIDOS NORTE DE MINAS COTEMINAS,Direto,Ações,258,258,0
20966,09/2022,CIA TECIDOS NORTE DE MINAS COTEMINAS,Direto,Ações,122,122,0
26697,09/2022,Foz do Rio Claro Energia S.A.,Conselho Administração,Ações,0,0,0
26697,09/2022,Foz do Rio Claro Energia S.A.,Conselho Administração,Ações,0,0,0
26697,09/2022,Foz do Rio Claro Energia S.A.,Direto,Ações,0,0,0
26697,09/2022,Foz do Rio Claro Energia S.A.,Direto,Ações,0,0,0
80187,09/2022,AURA MINERALS INC.,Controlador,Ações,37.456.005,37.456.005,0
80187,09/2022,AURA MINERALS INC.,Conselho Administração,BDRPatrocinados,13.000,13.000,0
80187,09/2022,AURA MINERALS INC.,Conselho Administração,Ações,3.637.403,3.637.403,0
80187,09/2022,AURA MINERALS INC.,Direto,Ações,892.324,892.324,0
80187,09/2022,AURA MINERALS INC.,Direto,BDRPatrocinados,31.609,31.609,0
24473,09/2022,JHSF MALLS S.A.,Controlador,Ações,107.879.979,107.879.979,0
24473,09/2022,JHSF MALLS S.A.,Conselho Administração,Ações,0,0,0
24473,09/2022,JHSF MALLS S.A.,Conselho Administração,Ações,0,0,0
24473,09/2022,JHSF MALLS S.A.,Direto,Ações,0,0,0
20435,09/2022,TECNISA S.A.,Controlador,Ações,25.767.512,25.961.512,0
20435,09/2022,TECNISA S.A.,Controlador,Debêntures,0,0,0
20435,09/2022,TECNISA S.A.,Controlador,Debêntures,0,0,0
20435,09/2022,TECNISA S.A.,Controlador,Debêntures,0,0,0
20435,09/2022,TECNISA S.A.,Controlador,Debêntures,0,0,0
20435,09/2022,TECNISA S.A.,Controlador,Debêntures,0,0,0
20435,09/2022,TECNISA S.A.,Controlador,Debêntures,0,0,0
20435,09/2022,TECNISA S.A.,Controlador,Debêntures,0,0,0
20435,09/2022,TECNISA S.A.,Controlador,Debêntures,0,0,0
20435,09/2022,TECNISA S.A.,Controlador,Debêntures,0,0,0
20435,09/2022,TECNISA S.A.,Conselho Administração,Ações,500,500,0
20435,09/2022,TECNISA S.A.,Conselho Administração,Debêntures,0,0,0
20435,09/2022,TECNISA S.A.,Conselho Administração,Debêntures,0,0,0
20435,09/2022,TECNISA S.A.,Conselho Administração,Debêntures,0,0,0
20435,09/2022,TECNISA S.A.,Conselho Administração,Debêntures,0,0,0
20435,09/2022,TECNISA S.A.,Conselho Administração,Debêntures,0,0,0
20435,09/2022,TECNISA S.A.,Conselho Administração,Debêntures,0,0,0
20435,09/2022,TECNISA S.A.,Conselho Administração,Debêntures,0,0,0
20435,09/2022,TECNISA S.A.,Conselho Administração,Debêntures,0,0,0
20435,09/2022,TECNISA S.A.,Conselho Administração,Debêntures,0,0,0
20435,09/2022,TECNISA S.A.,Direto,Ações,1.000,1.000,0
20435,09/2022,TECNISA S.A.,Direto,Debêntures,0,0,0
20435,09/2022,TECNISA S.A.,Direto,Debêntures,0,0,0
20435,09/2022,TECNISA S.A.,Direto,Debêntures,0,0,0
20435,09/2022,TECNISA S.A.,Direto,Debêntures,0,0,0
20435,09/2022,TECNISA S.A.,Direto,Debêntures,0,0,0
20435,09/2022,TECNISA S.A.,Direto,Debêntures,0,0,0
20435,09/2022,TECNISA S.A.,Direto,Debêntures,0,0,0
20435,09/2022,TECNISA S.A.,Direto,Debêntures,0,0,0
20435,09/2022,TECNISA S.A.,Direto,Debêntures,0,0,0
20435,09/2022,TECNISA S.A.,Órgãos Técnicos ou Consultivos,Ações,0,0,0
20435,09/2022,TECNISA S.A.,Órgãos Técnicos ou Consultivos,Debêntures,0,0,0
20435,09/2022,TECNISA S.A.,Órgãos Técnicos ou Consultivos,Debêntures,0,0,0
20435,09/2022,TECNISA S.A.,Órgãos Técnicos ou Consultivos,Debêntures,0,0,0
20435,09/2022,TECNISA S.A.,Órgãos Técnicos ou Consultivos,Debêntures,0,0,0
20435,09/2022,TECNISA S.A.,Órgãos Técnicos ou Consultivos,Debêntures,0,0,0
20435,09/2022,TECNISA S.A.,Órgãos Técnicos ou Consultivos,Debêntures,0,0,0
20435,09/2022,TECNISA S.A.,Órgãos Técnicos ou Consultivos,Debêntures,0,0,0
20435,09/2022,TECNISA S.A.,Órgãos Técnicos ou Consultivos,Debêntures,0,0,0
20435,09/2022,TECNISA S.A.,Órgãos Técnicos ou Consultivos,Debêntures,0,0,0
20370,09/2022,LPS BRASIL - CONSULTORIA DE IMOVEIS S.A.,Conselho Administração,OpçãodeCompra,2.200.000,2.200.000,0
20370,09/2022,LPS BRASIL - CONSULTORIA DE IMOVEIS S.A.,Conselho Administração,Ações,53.718.919,53.718.919,0
20370,09/2022,LPS BRASIL - CONSULTORIA DE IMOVEIS S.A.,Direto,Ações,209.612,209.612,0
20370,09/2022,LPS BRASIL - CONSULTORIA DE IMOVEIS S.A.,Direto,OpçãodeCompra,659.022,659.022,0
23175,09/2022,IGUA SANEAMENTO S.A.,Controlador,Ações,75.110.133,75.110.133,0
23175,09/2022,IGUA SANEAMENTO S.A.,Conselho Administração,Ações,0,0,0
23175,09/2022,IGUA SANEAMENTO S.A.,Direto,Ações,0,0,0
26026,09/2022,DESKTOP S.A.,Controlador,Ações,33.898.992,33.898.992,0
26026,09/2022,DESKTOP S.A.,Conselho Administração,Ações,19.010.776,19.010.776,0
26026,09/2022,DESKTOP S.A.,Direto,Ações,28.008,28.008,0
26590,09/2022,AURA ALMAS MINERAÇÃO S.A.,Conselho Administração,Ações,0,0,0
26590,09/2022,AURA ALMAS MINERAÇÃO S.A.,Conselho Administração,Ações,0,0,0
26590,09/2022,AURA MINERALS INC.,Conselho Administração,Ações,892.324,892.324,0
26590,09/2022,AURA MINERALS INC.,Conselho Administração,BDRPatrocinados,0,0,0
26590,09/2022,AURA ALMAS MINERAÇÃO S.A.,Direto,Ações,0,0,0
26590,09/2022,AURA ALMAS MINERAÇÃO S.A.,Direto,Ações,0,0,0
26590,09/2022,AURA MINERALS INC.,Direto,Ações,0,0,0
26590,09/2022,AURA MINERALS INC.,Direto,BDRPatrocinados,31.609,31.609,0
20605,09/2022,JHSF PARTICIPACOES S.A.,Controlador,Ações,376.144.161,376.144.161,0
20605,09/2022,JHSF PARTICIPACOES S.A.,Conselho Administração,Ações,2.289.215,2.289.215,0
20605,09/2022,JHSF PARTICIPACOES S.A.,Direto,Ações,3.384.684,3.384.684,0
20605,09/2022,JHSF PARTICIPACOES S.A.,Conselho Fiscal,Ações,0,0,0
20605,09/2022,JHSF PARTICIPACOES S.A.,Órgãos Técnicos ou Consultivos,Ações,0,0,0
20770,09/2022,EZ TEC EMPREEND. E PARTICIPACOES S.A.,Controlador,Ações,126.281.514,126.281.514,0
20770,09/2022,EZ TEC EMPREEND. E PARTICIPACOES S.A.,Conselho Administração,Ações,2,2,0
20770,09/2022,EZ TEC EMPREEND. E PARTICIPACOES S.A.,Direto,Ações,1.148,1.148,0
20770,09/2022,EZ TEC EMPREEND. E PARTICIPACOES S.A.,Conselho Fiscal,Ações,1.500,1.500,0
26522,09/2022,CERRADINHO BIOENERGIA S.A.,Controlador,Ações,458.277.125,458.277.125,0
26522,09/2022,CERRADINHO BIOENERGIA S.A.,Conselho Administração,Ações,146.327.886,146.327.886,0
26522,09/2022,CERRADINHO BIOENERGIA S.A.,Direto,Ações,0,0,0
18139,09/2022,CIA ENERGETICA DO RIO GDE NORTE - COSERN,Controlador,Ações,120.847.284,120.847.284,0
18139,09/2022,CIA ENERGETICA DO RIO GDE NORTE - COSERN,Controlador,Ações,19.098.302,19.098.302,0
18139,09/2022,CIA ENERGETICA DO RIO GDE NORTE - COSERN,Controlador,Ações,16.444.928,16.444.928,0
18139,09/2022,CIA ENERGETICA DO RIO GDE NORTE - COSERN,Conselho Administração,Ações,7,7,0
18139,09/2022,NEOENERGIA S.A.,Conselho Administração,Ações,30.742,30.742,0
18139,09/2022,CIA ENERGETICA DO RIO GDE NORTE - COSERN,Conselho Fiscal,Ações,3.894,3.894,0
18139,09/2022,CIA ENERGETICA DO RIO GDE NORTE - COSERN,Conselho Fiscal,Ações,7.300,10.802,0
18139,09/2022,NEOENERGIA S.A.,Conselho Fiscal,Ações,4.900,5.000,0
21490,09/2022,ALUPAR INVESTIMENTO S/A,Controlador,Ações,1.676.184,1.676.184,0
21490,09/2022,ALUPAR INVESTIMENTO S/A,Controlador,Ações,456.905.633,456.905.633,0
21490,09/2022,ALUPAR INVESTIMENTO S/A,Conselho Administração,Units,COMPOSTOPOR1E2,COMPOSTOPOR1E2,0
26603,09/2022,GSH CORP Participações S.A.,Controlador,Ações,229.371.078,229.371.078,0
26603,09/2022,GSH CORP Participações S.A.,Controlador,Ações,41.367.807,41.367.807,0
26603,09/2022,Rede D?Or São Luiz S.A.,Controlador,Ações,200,200,0
26603,09/2022,GSH CORP Participações S.A.,Conselho Administração,Ações,0,0,0
26603,09/2022,Rede D?Or São Luiz S.A.,Conselho Administração,Ações,2.953.500,2.953.500,0
26603,09/2022,GSH CORP Participações S.A.,Direto,Ações,0,0,0
26603,09/2022,Rede D?Or São Luiz S.A.,Direto,Ações,2.649,2.649,0
11215,09/2022,TECBLU TECELAGEM BLUMENAU S.A.,Controlador,Ações,18.084,18.084,0
11215,09/2022,TECBLU TECELAGEM BLUMENAU S.A.,Controlador,Ações,8.933,8.933,0
11215,09/2022,TECBLU TECELAGEM BLUMENAU S.A.,Controlador,Ações,2,2,0
11215,09/2022,TECBLU TECELAGEM BLUMENAU S.A.,Controlador,Ações,279,279,0
11215,09/2022,TECBLU TECELAGEM BLUMENAU S.A.,Conselho Administração,Ações,3,3,0
11215,09/2022,TECBLU TECELAGEM BLUMENAU S.A.,Direto,Ações,1,1,0
21636,09/2022,RENOVA ENERGIA S.A. - EM RECUPERAÇÃO JUDICIAL,Controlador,Ações,89.162.521,88.512.521,0
21636,09/2022,RENOVA ENERGIA S.A. - EM RECUPERAÇÃO JUDICIAL,Controlador,Ações,105.877.710,105.877.710,0
21636,09/2022,RENOVA ENERGIA S.A. - EM RECUPERAÇÃO JUDICIAL,Controlador,Units,12,12,0
21636,09/2022,RENOVA ENERGIA S.A. - EM RECUPERAÇÃO JUDICIAL,Conselho Administração,Ações,1,100.001,0
21636,09/2022,RENOVA ENERGIA S.A. - EM RECUPERAÇÃO JUDICIAL,Conselho Administração,Ações,11,11,0
21636,09/2022,RENOVA ENERGIA S.A. - EM RECUPERAÇÃO JUDICIAL,Direto,Units,12,12,0
21636,09/2022,RENOVA ENERGIA S.A. - EM RECUPERAÇÃO JUDICIAL,Direto,30.403,Ações,Ações,0
21636,09/2022,RENOVA ENERGIA S.A. - EM RECUPERAÇÃO JUDICIAL,Direto,31.038,Ações,Ações,0
21636,09/2022,RENOVA ENERGIA S.A. - EM RECUPERAÇÃO JUDICIAL,Conselho Fiscal,Ações,1,25.601,0
24546,09/2022,PRÁTICA KLIMAQUIP INDÚSTRIA E COMÉRCIO S.A.,Controlador,Ações,3.355.031,3.355.031,0
24546,09/2022,PRÁTICA KLIMAQUIP INDÚSTRIA E COMÉRCIO S.A.,Conselho Administração,Ações,0,0,0
24546,09/2022,PRÁTICA KLIMAQUIP INDÚSTRIA E COMÉRCIO S.A.,Direto,Ações,0,0,0
21008,09/2022,GENERAL SHOPPING E OUTLETS DO BRASIL BRASIL S.A.,Conselho Administração,Ações,447.003,447.003,0
21008,09/2022,GENERAL SHOPPING E OUTLETS DO BRASIL BRASIL S.A.,Direto,Ações,7,7,0
25224,09/2022,2W Energia S.A.,Controlador,Ações,109.858.085,108.949.699,0
25224,09/2022,2W Energia S.A.,Direto,Ações,1.305.806,2.270.966,0
23612,09/2022,MAESTRO LOCADORA DE VEICULOS S.A.,Controlador,Ações,25.826.085,25.826.085,0
23612,09/2022,MAESTRO LOCADORA DE VEICULOS S.A.,Conselho Administração,Ações,0,0,0
23612,09/2022,MAESTRO LOCADORA DE VEICULOS S.A.,Direto,Ações,0,0,0
25100,09/2022,Cury Construtora S/A,Controlador,Ações,186.335.534,172.125.763,0
25100,09/2022,Cury Construtora S/A,Conselho Administração,Ações,0,0,0
25100,09/2022,CYRELA BRAZIL REALTY S.A.EMPREEND E PART,Conselho Administração,Ações,95.699,95.699,0
25100,09/2022,Cury Construtora S/A,Direto,Ações,0,0,0
25100,09/2022,Cury Construtora S/A,Conselho Fiscal,Ações,0,0,0
21040,09/2022,SYN PROP & TECH S.A.,Controlador,Ações,58.928.234,58.928.234,0
21040,09/2022,SYN PROP & TECH S.A.,Controlador,Ações,4.000,4.000,0
21040,09/2022,SYN PROP & TECH S.A.,Conselho Administração,Ações,33.549.074,33.861.174,0
21040,09/2022,SYN PROP & TECH S.A.,Direto,Ações,2.048,2.048,0
21016,09/2022,YDUQS PARTICIPACOES S.A.,Conselho Administração,Ações,360.976,360.976,0
21016,09/2022,YDUQS PARTICIPACOES S.A.,Direto,Ações,812.953,812.953,0
21016,09/2022,YDUQS PARTICIPACOES S.A.,Conselho Fiscal,Ações,0,0,0
21903,09/2022,ECORODOVIAS CONCESSÕES E SERVIÇOS S.A.,Controlador,Ações,2.086.714.537,2.086.714.537,0
23272,09/2022,LOG COMMERCIAL PROPERTIES E PARTICIPAÇÕES,Controlador,Ações,10.816.106,10.822.170,0
23272,09/2022,LOG COMMERCIAL PROPERTIES E PARTICIPAÇÕES,Conselho Administração,Ações,4.623.401,4.623.401,0
23272,09/2022,LOG COMMERCIAL PROPERTIES E PARTICIPAÇÕES,Direto,Ações,71.149,69.149,0
23272,09/2022,LOG COMMERCIAL PROPERTIES E PARTICIPAÇÕES,Conselho Fiscal,Ações,0,0,0
25348,09/2022,Elfa Medicamentos S.A.,Conselho Administração,Ações,0,0,0
25348,09/2022,Elfa Medicamentos S.A.,Direto,Ações,0,0,0
25348,09/2022,Elfa Medicamentos S.A.,Órgãos Técnicos ou Consultivos,Ações,0,0,0
22225,09/2022,TRANSBRASILIANA CONCESSIONÁRIA DE RODOVIA S.A,Direto,Ações,428.071.225,428.071.225,0
21938,09/2022,ENERGISA S.A.,Controlador,Ações,918.160,918.160,0
21938,09/2022,ENERGISA PARAÍBA - DISTRIBUIDORA DE ENERGIA S/A,Conselho Administração,Ações,0,0,0
21938,09/2022,ENERGISA S.A.,Conselho Administração,Ações,51.061,51.061,0
21938,09/2022,ENERGISA S.A.,Conselho Administração,Ações,187.214,191.214,0
21938,09/2022,ENERGISA S.A.,Conselho Administração,Units,1.081.380,1.273.780,0
21938,09/2022,ENERGISA S.A.,Conselho Administração,Units,5.000,5.000,0
21938,09/2022,ENERGISA PARAÍBA - DISTRIBUIDORA DE ENERGIA S/A,Direto,Ações,0,0,0
21938,09/2022,ENERGISA S.A.,Direto,Units,62.543,62.543,0
21342,09/2022,OSX BRASIL S.A.,Controlador,Ações,1.555.872,1.555.872,0
4685,09/2022,CONPEL CIA NORDESTINA PAPEL - Em Recuperação Judicial,Conselho Administração,Ações,4.113.673,4.113.673,0
4685,09/2022,CONPEL CIA NORDESTINA PAPEL - Em Recuperação Judicial,Conselho Administração,Ações,1.099.450,1.099.450,0
25798,09/2022,KALLAS INCORPORAÇÕES E CONSTRUÇÕES S.A.,Controlador,Ações,83.518,83.518,0
25798,09/2022,KALLAS INCORPORAÇÕES E CONSTRUÇÕES S.A.,Conselho Administração,Ações,21.817,21.817,0
25798,09/2022,KALLAS INCORPORAÇÕES E CONSTRUÇÕES S.A.,Direto,Ações,4.239,4.239,0
25712,09/2022,GPS PARTICIPAÇÕES E EMPREENDIMENTOS S.A.,Controlador,Ações,278.262.317,278.236.317,0
25712,09/2022,GPS PARTICIPAÇÕES E EMPREENDIMENTOS S.A.,Conselho Administração,Ações,83.333,83.333,0
25712,09/2022,GPS PARTICIPAÇÕES E EMPREENDIMENTOS S.A.,Direto,Ações,10.370.207,10.358.207,0
21610,09/2022,"B3 S.A. - BRASIL, BOLSA, BALCÃO",Conselho Administração,Ações,240.756,240.756,0
21610,09/2022,"B3 S.A. - BRASIL, BOLSA, BALCÃO",Direto,Ações,8.419.924,8.419.924,0
21610,09/2022,"B3 S.A. - BRASIL, BOLSA, BALCÃO",Direto,Outros,1.101,1.101,0
21610,09/2022,"B3 S.A. - BRASIL, BOLSA, BALCÃO",Conselho Fiscal,Ações,1.227,1.227,0
21610,09/2022,"B3 S.A. - BRASIL, BOLSA, BALCÃO",Órgãos Técnicos ou Consultivos,Ações,921.866,920.266,0
26271,09/2022,ENVIRONMENTAL ESG PARTICIPAÇÕES S.A.,Controlador,Ações,216.000.000,216.000.000,0
26271,09/2022,ENVIRONMENTAL ESG PARTICIPAÇÕES S.A.,Conselho Administração,Ações,0,0,0
26271,09/2022,ENVIRONMENTAL ESG PARTICIPAÇÕES S.A.,Direto,Ações,0,0,0
23680,09/2022,LINHAS DE MACAPÁ TRANSMISSORA DE ENERGIA S/A,Controlador,Ações,567.260.000,567.260.000,0
23671,09/2022,LINHAS DE XINGU TRANSMISSORA DE ENERGIA S/A,Controlador,Ações,527.120.000,527.120.000,0
22179,09/2022,AFLUENTE TRANSMISSÃO DE ENERGIA ELÉTRICA S/A,Controlador,Ações,62.222.413,62.222.413,0
22179,09/2022,AFLUENTE TRANSMISSÃO DE ENERGIA ELÉTRICA S/A,Conselho Administração,Ações,0,0,0
22179,09/2022,NEOENERGIA S.A.,Conselho Administração,Ações,30.742,30.742,0
26140,09/2022,GETNET ADQ E SERV PARA MEIOS DE PAGTO S.A. - INST PAGTO,Conselho Administração,Units,11,11,0
26140,09/2022,BCO SANTANDER (BRASIL); S.A.,Conselho Administração,Units,11,11,0
26140,09/2022,GETNET ADQ E SERV PARA MEIOS DE PAGTO S.A. - INST PAGTO,Direto,Units,11,11,0
26140,09/2022,GETNET ADQ E SERV PARA MEIOS DE PAGTO S.A. - INST PAGTO,Direto,22.428,Ações,Ações,0
26140,09/2022,GETNET ADQ E SERV PARA MEIOS DE PAGTO S.A. - INST PAGTO,Direto,37,Ações,Ações,0
26140,09/2022,BCO SANTANDER (BRASIL); S.A.,Direto,Units,11,11,0
26140,09/2022,BCO SANTANDER (BRASIL); S.A.,Direto,0,Ações,Ações,0
26140,09/2022,BCO SANTANDER (BRASIL); S.A.,Direto,0,Ações,Ações,0
22187,09/2022,PETRO RIO S.A.,Conselho Administração,Ações,33.405.390,33.405.390,0
22187,09/2022,PETRO RIO S.A.,Direto,Ações,1.616.300,1.616.300,0
22187,09/2022,PETRO RIO S.A.,Conselho Fiscal,Ações,0,0,0
25704,09/2022,BOA SAFRA SEMENTES S.A.,Controlador,Ações,70.675.680,70.675.680,0
25704,09/2022,BOA SAFRA SEMENTES S.A.,Conselho Administração,Ações,3.399,3.399,0
25704,09/2022,BOA SAFRA SEMENTES S.A.,Direto,Ações,1.600,1.600,0
14362,09/2022,CIA ENERGETICA DE PERNAMBUCO - CELPE,Controlador,Ações,66.022.550,66.022.550,0
14362,09/2022,CIA ENERGETICA DE PERNAMBUCO - CELPE,Controlador,Ações,464.272,464.272,0
14362,09/2022,CIA ENERGETICA DE PERNAMBUCO - CELPE,Controlador,Ações,400.375,400.375,0
14362,09/2022,CIA ENERGETICA DE PERNAMBUCO - CELPE,Conselho Administração,Ações,0,0,0
14362,09/2022,CIA ENERGETICA DE PERNAMBUCO - CELPE,Conselho Administração,Ações,0,0,0
14362,09/2022,CIA ENERGETICA DE PERNAMBUCO - CELPE,Conselho Administração,Ações,0,0,0
14362,09/2022,NEOENERGIA S.A.,Conselho Administração,Ações,30.742,30.742,0
14362,09/2022,NEOENERGIA S.A.,Direto,Ações,2.100,2.100,0
14362,09/2022,CIA ENERGETICA DE PERNAMBUCO - CELPE,Conselho Fiscal,Ações,0,0,0
14362,09/2022,CIA ENERGETICA DE PERNAMBUCO - CELPE,Conselho Fiscal,Ações,0,0,0
14362,09/2022,CIA ENERGETICA DE PERNAMBUCO - CELPE,Conselho Fiscal,Ações,0,0,0
14362,09/2022,NEOENERGIA S.A.,Conselho Fiscal,Ações,4.600,4.600,0
22411,09/2022,CONC ROD AYRTON SENNA E CARV PINTO S.A.-ECOPISTAS,Controlador,Ações,687.664.883,687.664.883,0
24350,09/2022,FLEX GESTÃO DE RELACIONAMENTOS S.A.,Controlador,Ações,3.248.533,3.248.533,0
24350,09/2022,FLEX GESTÃO DE RELACIONAMENTOS S.A.,Controlador,Ações,0,0,0
24350,09/2022,FLEX GESTÃO DE RELACIONAMENTOS S.A.,Conselho Administração,Ações,0,0,0
24350,09/2022,FLEX GESTÃO DE RELACIONAMENTOS S.A.,Conselho Administração,Ações,0,0,0
22365,09/2022,ENAUTA PARTICIPAÇÕES S.A.,Controlador,Ações,186.065.879,186.065.879,0
22365,09/2022,ENAUTA PARTICIPAÇÕES S.A.,Conselho Administração,Ações,348.345,348.345,0
22365,09/2022,ENAUTA PARTICIPAÇÕES S.A.,Direto,Outros,22.576,22.576,0
22365,09/2022,ENAUTA PARTICIPAÇÕES S.A.,Direto,Ações,125.489,125.489,0
22365,09/2022,ENAUTA PARTICIPAÇÕES S.A.,Órgãos Técnicos ou Consultivos,Ações,10.000,10.000,0
22217,09/2022,ALPER CONSULTORIA E CORRETORA DE SEGUROS S.A.,Conselho Administração,Ações,580.797,591.797,0
22217,09/2022,ALPER CONSULTORIA E CORRETORA DE SEGUROS S.A.,Conselho Administração,RecibodeSubscrição,853.121,853.121,0
22217,09/2022,ALPER CONSULTORIA E CORRETORA DE SEGUROS S.A.,Conselho Administração,RecibodeSubscrição,429.724,429.724,0
22217,09/2022,ALPER CONSULTORIA E CORRETORA DE SEGUROS S.A.,Direto,Ações,1.032.069,1.170.544,0
22217,09/2022,ALPER CONSULTORIA E CORRETORA DE SEGUROS S.A.,Direto,RecibodeSubscrição,12.584,12.584,0
22217,09/2022,ALPER CONSULTORIA E CORRETORA DE SEGUROS S.A.,Direto,RecibodeSubscrição,9.710,9.710,0
22217,09/2022,ALPER CONSULTORIA E CORRETORA DE SEGUROS S.A.,Direto,RecibodeSubscrição,164.152,164.152,0
22217,09/2022,ALPER CONSULTORIA E CORRETORA DE SEGUROS S.A.,Direto,RecibodeSubscrição,SOBRASDOAUMENTODE,SOBRASDOAUMENTODE,0
22217,09/2022,ALPER CONSULTORIA E CORRETORA DE SEGUROS S.A.,Órgãos Técnicos ou Consultivos,Ações,11.000,11.000,0
25135,09/2022,Boa Vista Serviços S.A.,Conselho Administração,Ações,60.000,60.000,0
25135,09/2022,Boa Vista Serviços S.A.,Direto,Ações,32.839,15.301,0
25135,09/2022,Boa Vista Serviços S.A.,Conselho Fiscal,Ações,0,0,0
21067,09/2022,MOURA DUBEUX ENGENHARIA S/A,Controlador,Ações,29.169.282,29.169.282,0
21067,09/2022,MOURA DUBEUX ENGENHARIA S/A,Conselho Administração,Ações,10.000,10.000,0
21067,09/2022,MOURA DUBEUX ENGENHARIA S/A,Direto,Ações,735.975,735.975,0
25046,09/2022,D1000 VAREJO FARMA PARTICIPAÇÕES S.A.,Controlador,Ações,30.981.937,31.460.437,0
25046,09/2022,D1000 VAREJO FARMA PARTICIPAÇÕES S.A.,Conselho Administração,Ações,700,700,0
25046,09/2022,D1000 VAREJO FARMA PARTICIPAÇÕES S.A.,Direto,Ações,6.400,6.400,0
25046,09/2022,D1000 VAREJO FARMA PARTICIPAÇÕES S.A.,Direto,Ações,900,900,0
25119,09/2022,Melnick Desenvolvimento Imobiliário S.A.,Controlador,Ações,133.967.241,133.967.241,0
25119,09/2022,EVEN CONSTRUTORA E INCORPORADORA S.A.,Controlador,Ações,2.829.461,2.829.461,0
25119,09/2022,Melnick Desenvolvimento Imobiliário S.A.,Conselho Administração,Ações,18.057,18.057,0
25119,09/2022,EVEN CONSTRUTORA E INCORPORADORA S.A.,Conselho Administração,Ações,7.264,7.264,0
25119,09/2022,Melnick Desenvolvimento Imobiliário S.A.,Direto,Ações,1.935,1.935,0
25119,09/2022,EVEN CONSTRUTORA E INCORPORADORA S.A.,Direto,Ações,600.193,597.193,0
22977,09/2022,FERREIRA GOMES ENERGIA S.A.,Controlador,Ações,807.080.529,807.080.529,0
24961,09/2022,AMBIPAR PARTICIPAÇÕES E EMPREENDIMENTOS S.A.,Controlador,Ações,69.081.829,69.081.829,0
24961,09/2022,AMBIPAR PARTICIPAÇÕES E EMPREENDIMENTOS S.A.,Conselho Administração,Ações,0,0,0
24961,09/2022,AMBIPAR PARTICIPAÇÕES E EMPREENDIMENTOS S.A.,Direto,Ações,0,0,0
24961,09/2022,AMBIPAR PARTICIPAÇÕES E EMPREENDIMENTOS S.A.,Órgãos Técnicos ou Consultivos,Ações,0,0,0
22675,09/2022,HIDROVIAS DO BRASIL S.A.,Conselho Administração,Ações,74.397,74.397,0
22675,09/2022,HIDROVIAS DO BRASIL S.A.,Conselho Administração,OpçõesdePlanodeRemuneração,PLANODEOPCAODE,PLANODEOPCAODE,0
22675,09/2022,HIDROVIAS DO BRASIL S.A.,Conselho Administração,COMPRADE,5.642.961,5.642.961,0
22675,09/2022,HIDROVIAS DO BRASIL S.A.,Direto,Ações,275.214,275.214,0
22675,09/2022,HIDROVIAS DO BRASIL S.A.,Direto,OpçõesdePlanodeRemuneração,PLANODEOPCAODE,PLANODEOPCAODE,0
22675,09/2022,HIDROVIAS DO BRASIL S.A.,Direto,COMPRADE,1.673.494,1.673.494,0
22675,09/2022,HIDROVIAS DO BRASIL S.A.,Direto,OpçõesdePlanodeRemuneração,OPCOES,OPCOES,0
1120,09/2022,BCO ESTADO DE SERGIPE S.A. - BANESE,Conselho Administração,Ações,2.109,2.109,0
1120,09/2022,BCO ESTADO DE SERGIPE S.A. - BANESE,Conselho Administração,Ações,17,17,0
1120,09/2022,BCO ESTADO DE SERGIPE S.A. - BANESE,Direto,Ações,2,2,0
1120,09/2022,BCO ESTADO DE SERGIPE S.A. - BANESE,Conselho Fiscal,Ações,206,206,0
1120,09/2022,BCO ESTADO DE SERGIPE S.A. - BANESE,Conselho Fiscal,Ações,1,1,0
18996,09/2022,ENERGISA SERGIPE - DISTRIBUIDORA DE ENERGIA S/A,Controlador,Ações,195.509,195.509,0
18996,09/2022,ENERGISA SERGIPE - DISTRIBUIDORA DE ENERGIA S/A,Conselho Administração,Ações,0,0,0
18996,09/2022,ENERGISA S.A.,Conselho Administração,Ações,51.061,51.061,0
18996,09/2022,ENERGISA S.A.,Conselho Administração,Ações,187.214,191.214,0
18996,09/2022,ENERGISA S.A.,Conselho Administração,Units,1.081.380,1.273.780,0
18996,09/2022,ENERGISA SERGIPE - DISTRIBUIDORA DE ENERGIA S/A,Direto,Ações,0,0,0
18996,09/2022,ENERGISA S.A.,Direto,RecibodeSubscrição,2.361,2.361,0
18996,09/2022,ENERGISA S.A.,Direto,Units,65.387,65.487,0
24694,09/2022,Grupo SBF S.A.,Controlador,Ações,145.571.274,145.571.274,0
24694,09/2022,Grupo SBF S.A.,Conselho Administração,Ações,85.700,85.700,0
24694,09/2022,Grupo SBF S.A.,Conselho Administração,OpçãodeCompra,DE,DE,0
24694,09/2022,Grupo SBF S.A.,Direto,Ações,2.085.937,2.085.937,0
24694,09/2022,Grupo SBF S.A.,Direto,OpçãodeCompra,DE,DE,0
25879,09/2022,Kora Saúde Participações S.A.,Controlador,Ações,515.866.767,515.866.767,0
25879,09/2022,Kora Saúde Participações S.A.,Conselho Administração,Ações,86.198.061,84.198.061,0
25879,09/2022,Kora Saúde Participações S.A.,Direto,Ações,669.489,1.037.804,0
22586,09/2022,MLOG S.A.,Conselho Administração,Ações,872.340,872.340,0
22586,09/2022,MLOG S.A.,Conselho Administração,OpçãodeCompra,S,S,0
22586,09/2022,MLOG S.A.,Direto,Ações,43.293,43.293,0
26379,09/2022,MADERO INDÚSTRIA E COMÉRCIO S.A.,Controlador,Ações,207.697.051,207.697.051,0
26379,09/2022,MADERO INDÚSTRIA E COMÉRCIO S.A.,Controlador,OpçãodeCompra,PLANODEOPCOES,PLANODEOPCOES,0
26379,09/2022,MADERO INDÚSTRIA E COMÉRCIO S.A.,Conselho Administração,Ações,11.482.150,11.482.150,0
26379,09/2022,MADERO INDÚSTRIA E COMÉRCIO S.A.,Conselho Administração,OpçãodeCompra,PLANODEOPCOES,PLANODEOPCOES,0
26379,09/2022,MADERO INDÚSTRIA E COMÉRCIO S.A.,Direto,Ações,8.037.500,8.037.500,0
26379,09/2022,MADERO INDÚSTRIA E COMÉRCIO S.A.,Direto,OpçãodeCompra,PLANODEOPCOES,PLANODEOPCOES,0
26379,09/2022,MADERO INDÚSTRIA E COMÉRCIO S.A.,Órgãos Técnicos ou Consultivos,Ações,0,0,0
25887,09/2022,GetNinjas S.A.,Conselho Administração,Ações,8.895.752,8.895.752,0
25518,09/2022,WESTWING COMÉRCIO VAREJISTA S.A.,Direto,Ações,1.526.151,1.455.653,0
23620,09/2022,CBO HOLDING S.A.,Controlador,Ações,104.687.662,104.687.662,0
23620,09/2022,CBO HOLDING S.A.,Conselho Administração,Ações,0,0,0
23620,09/2022,CBO HOLDING S.A.,Direto,Ações,0,0,0
14524,09/2022,CIA ELETRICIDADE EST. DA BAHIA - COELBA,Controlador,Ações,149.544.434,149.544.434,0
14524,09/2022,CIA ELETRICIDADE EST. DA BAHIA - COELBA,Controlador,Ações,26.895.780,26.895.780,0
14524,09/2022,CIA ELETRICIDADE EST. DA BAHIA - COELBA,Controlador,Ações,82.878.409,82.878.409,0
14524,09/2022,CIA ELETRICIDADE EST. DA BAHIA - COELBA,Conselho Administração,Ações,0,0,0
14524,09/2022,CIA ELETRICIDADE EST. DA BAHIA - COELBA,Conselho Administração,Ações,0,0,0
14524,09/2022,CIA ELETRICIDADE EST. DA BAHIA - COELBA,Conselho Administração,Ações,0,0,0
14524,09/2022,NEOENERGIA S.A.,Conselho Administração,Ações,30.742,30.742,0
14524,09/2022,CIA ELETRICIDADE EST. DA BAHIA - COELBA,Conselho Fiscal,Ações,421,443,0
14524,09/2022,CIA ELETRICIDADE EST. DA BAHIA - COELBA,Conselho Fiscal,Ações,19.187,30.032,0
14524,09/2022,CIA ELETRICIDADE EST. DA BAHIA - COELBA,Conselho Fiscal,Ações,0,0,0
14524,09/2022,NEOENERGIA S.A.,Conselho Fiscal,Ações,4.900,5.000,0
3115,09/2022,CIA SEGUROS ALIANCA DA BAHIA,Controlador,Ações,14.767,14.767,0
3115,09/2022,CIA SEGUROS ALIANCA DA BAHIA,Controlador,Ações,1.247.339,1.247.339,0
3115,09/2022,CIA SEGUROS ALIANCA DA BAHIA,Conselho Administração,Ações,4.228,4.228,0
3115,09/2022,CIA SEGUROS ALIANCA DA BAHIA,Conselho Administração,Ações,7.210,7.210,0
3115,09/2022,CIA SEGUROS ALIANCA DA BAHIA,Direto,Ações,1,1,0
3115,09/2022,CIA SEGUROS ALIANCA DA BAHIA,Direto,Ações,4,4,0
3115,09/2022,CIA SEGUROS ALIANCA DA BAHIA,Conselho Fiscal,Ações,32,32,0
3115,09/2022,CIA SEGUROS ALIANCA DA BAHIA,Conselho Fiscal,Ações,432,432,0
5576,09/2022,ENERGISA MATO GROSSO DO SUL - DIST DE ENERGIA S.A.,Controlador,Ações,414.161,414.161,0
5576,09/2022,ENERGISA MATO GROSSO DO SUL - DIST DE ENERGIA S.A.,Conselho Administração,Ações,0,0,0
5576,09/2022,ENERGISA S.A.,Conselho Administração,Units,838.075,1.030.475,0
5576,09/2022,ENERGISA S.A.,Conselho Administração,Ações,147.214,151.214,0
5576,09/2022,ENERGISA S.A.,Conselho Administração,Ações,48.161,48.161,0
5576,09/2022,ENERGISA S.A.,Conselho Administração,Ações,200,200,0
5576,09/2022,ENERGISA MATO GROSSO DO SUL - DIST DE ENERGIA S.A.,Direto,Ações,0,0,0
5576,09/2022,ENERGISA S.A.,Direto,Ações,40.000,40.000,0
5576,09/2022,ENERGISA S.A.,Direto,Ações,2.900,2.900,0
5576,09/2022,ENERGISA S.A.,Direto,Units,302.881,302.881,0
23582,09/2022,ECO101 CONCESSIONÁRIA DE RODOVIAS S.A.,Controlador,Ações,1.090.500.100,1.119.000.100,0
13986,09/2022,SUZANO S.A.,Controlador,Ações,618.448.591,618.703.691,0
13986,09/2022,SUZANO HOLDING S.A.,Controlador,Ações,24.007.667,24.007.667,0
13986,09/2022,SUZANO HOLDING S.A.,Controlador,Ações,55.765.850,55.825.490,0
13986,09/2022,SUZANO HOLDING S.A.,Controlador,Ações,61.434.207,61.434.207,0
13986,09/2022,SUZANO S.A.,Conselho Administração,Ações,3.300,3.300,0
13986,09/2022,SUZANO S.A.,Direto,Ações,4.006.225,4.221.190,0
13986,09/2022,SUZANO S.A.,Direto,Outros,0,0,0
13986,09/2022,SUZANO S.A.,Conselho Fiscal,Ações,10.203,10.203,0
13986,09/2022,SUZANO S.A.,Órgãos Técnicos ou Consultivos,Ações,0,0,0
13986,09/2022,SUZANO S.A.,Órgãos Técnicos ou Consultivos,Outros,S,S,0
22349,09/2022,AREZZO INDÚSTRIA E COMÉRCIO S.A.,Controlador,Ações,45.606.781,45.534.781,0
22349,09/2022,AREZZO INDÚSTRIA E COMÉRCIO S.A.,Conselho Administração,Ações,3.799.034,3.801.328,0
22349,09/2022,AREZZO INDÚSTRIA E COMÉRCIO S.A.,Direto,Ações,21.276,21.276,0
22349,09/2022,AREZZO INDÚSTRIA E COMÉRCIO S.A.,Conselho Fiscal,Ações,0,0,0
25690,09/2022,HOSPITAL MATER DEI S.A.,Controlador,Ações,233.757.223,233.752.223,0
25690,09/2022,HOSPITAL MATER DEI S.A.,Conselho Administração,Ações,36.108.540,36.108.540,0
25690,09/2022,HOSPITAL MATER DEI S.A.,Direto,Ações,31.458.602,31.458.602,0
25275,09/2022,ALPHAVILLE S.A.,Controlador,Ações,17.657.662,17.657.662,0
25275,09/2022,ALPHAVILLE S.A.,Controlador,BônusdeSubscrição,1.667.790,1.667.790,0
25275,09/2022,ALPHAVILLE S.A.,Conselho Administração,Ações,17.615,17.615,0
25275,09/2022,ALPHAVILLE S.A.,Conselho Administração,BônusdeSubscrição,0,0,0
25275,09/2022,ALPHAVILLE S.A.,Direto,Ações,121.008,121.008,0
25275,09/2022,ALPHAVILLE S.A.,Direto,BônusdeSubscrição,20.334,20.334,0
25275,09/2022,ALPHAVILLE S.A.,Órgãos Técnicos ou Consultivos,Ações,0,0,0
25275,09/2022,ALPHAVILLE S.A.,Órgãos Técnicos ou Consultivos,BônusdeSubscrição,0,0,0
4782,09/2022,MENDES JUNIOR ENGENHARIA S.A.,Conselho Administração,Ações,2,2,0
4782,09/2022,MENDES JUNIOR ENGENHARIA S.A.,Conselho Fiscal,Ações,4,4,0
4782,09/2022,MENDES JUNIOR ENGENHARIA S.A.,Conselho Fiscal,Ações,13,13,0
4707,09/2022,CONSORCIO ALFA DE ADMINISTRACAO S.A.,Controlador,Ações,2.176.896,2.176.896,0
4707,09/2022,CONSORCIO ALFA DE ADMINISTRACAO S.A.,Controlador,Ações,43.464,43.464,0
4707,09/2022,CONSORCIO ALFA DE ADMINISTRACAO S.A.,Controlador,Ações,1.055.265,1.055.265,0
4707,09/2022,CONSORCIO ALFA DE ADMINISTRACAO S.A.,Controlador,Ações,74.000,74.000,0
4707,09/2022,CONSORCIO ALFA DE ADMINISTRACAO S.A.,Controlador,Ações,D,D,0
4707,09/2022,CONSORCIO ALFA DE ADMINISTRACAO S.A.,Controlador,962.077,Ações,Ações,0
4707,09/2022,CONSORCIO ALFA DE ADMINISTRACAO S.A.,Controlador,E,3.166.847,3.166.847,0
4707,09/2022,CONSORCIO ALFA DE ADMINISTRACAO S.A.,Controlador,Ações,F,F,0
4707,09/2022,BCO ALFA DE INVESTIMENTO S.A.,Controlador,Ações,1.956.962,1.956.962,0
4707,09/2022,BCO ALFA DE INVESTIMENTO S.A.,Controlador,Ações,9.229.333,9.229.333,0
4707,09/2022,FINANCEIRA ALFA S.A.- CRED FINANC E INVS,Controlador,Ações,1.100.600,1.100.600,0
4707,09/2022,FINANCEIRA ALFA S.A.- CRED FINANC E INVS,Controlador,Ações,15.846.980,15.846.980,0
4707,09/2022,CONSORCIO ALFA DE ADMINISTRACAO S.A.,Conselho Administração,Ações,127,127,0
4707,09/2022,CONSORCIO ALFA DE ADMINISTRACAO S.A.,Conselho Administração,Ações,9,9,0
4707,09/2022,CONSORCIO ALFA DE ADMINISTRACAO S.A.,Conselho Administração,Ações,59,59,0
4707,09/2022,CONSORCIO ALFA DE ADMINISTRACAO S.A.,Conselho Administração,Ações,D,D,0
4707,09/2022,CONSORCIO ALFA DE ADMINISTRACAO S.A.,Conselho Administração,28,Ações,Ações,0
4707,09/2022,CONSORCIO ALFA DE ADMINISTRACAO S.A.,Conselho Administração,E,1,1,0
4707,09/2022,CONSORCIO ALFA DE ADMINISTRACAO S.A.,Conselho Administração,Ações,F,F,0
4707,09/2022,CONSORCIO ALFA DE ADMINISTRACAO S.A.,Conselho Administração,2,Ações,Ações,0
4707,09/2022,BCO ALFA DE INVESTIMENTO S.A.,Conselho Administração,Ações,23.601,23.601,0
4707,09/2022,BCO ALFA DE INVESTIMENTO S.A.,Conselho Administração,Ações,1,1,0
4707,09/2022,FINANCEIRA ALFA S.A.- CRED FINANC E INVS,Conselho Administração,Ações,14.400,14.400,0
4707,09/2022,FINANCEIRA ALFA S.A.- CRED FINANC E INVS,Conselho Administração,Ações,7.643,7.643,0
4707,09/2022,CONSORCIO ALFA DE ADMINISTRACAO S.A.,Conselho Fiscal,Ações,F,F,0
4707,09/2022,CONSORCIO ALFA DE ADMINISTRACAO S.A.,Conselho Fiscal,800,Ações,Ações,0
4707,09/2022,CONSORCIO ALFA DE ADMINISTRACAO S.A.,Conselho Fiscal,4.000,Ações,Ações,0
4707,09/2022,BCO ALFA DE INVESTIMENTO S.A.,Conselho Fiscal,Ações,4.000,4.000,0
4707,09/2022,BCO ALFA DE INVESTIMENTO S.A.,Conselho Fiscal,Ações,1.050,1.050,0
4707,09/2022,FINANCEIRA ALFA S.A.- CRED FINANC E INVS,Conselho Fiscal,Ações,4.000,4.000,0
4707,09/2022,FINANCEIRA ALFA S.A.- CRED FINANC E INVS,Conselho Fiscal,Ações,1.050,1.050,0
23370,09/2022,CIA SIDERURGICA NACIONAL,Conselho Administração,Ações,5.320,5.320,0
23159,09/2022,BB SEGURIDADE PARTICIPAÇÕES S.A.,Controlador,Ações,1.325.000.000,1.325.000.000,0
23159,09/2022,BB SEGURIDADE PARTICIPAÇÕES S.A.,Conselho Administração,Ações,2.754,2.754,0
23159,09/2022,BB SEGURIDADE PARTICIPAÇÕES S.A.,Conselho Administração,Outros,COTASDEFUNDOSDE,COTASDEFUNDOSDE,0
23159,09/2022,BB SEGURIDADE PARTICIPAÇÕES S.A.,Conselho Administração,INVESTIMENTOSEM,0,0,0
23159,09/2022,BCO BRASIL S.A.,Conselho Administração,Ações,2.050,2.050,0
23159,09/2022,BB SEGURIDADE PARTICIPAÇÕES S.A.,Direto,Ações,5.255,5.255,0
23159,09/2022,BB SEGURIDADE PARTICIPAÇÕES S.A.,Direto,Outros,COTASDEFUNDOSDE,COTASDEFUNDOSDE,0
23159,09/2022,BB SEGURIDADE PARTICIPAÇÕES S.A.,Direto,INVESTIMENTOSEM,0,0,0
23159,09/2022,BB SEGURIDADE PARTICIPAÇÕES S.A.,Direto,Outros,COTASEMFUNDOSDE,COTASEMFUNDOSDE,0
23159,09/2022,BB SEGURIDADE PARTICIPAÇÕES S.A.,Direto,INVESTIMENTOSEM,0,0,0
23159,09/2022,BCO BRASIL S.A.,Direto,Ações,6,6,0
23159,09/2022,BB SEGURIDADE PARTICIPAÇÕES S.A.,Conselho Fiscal,Outros,COTASDEFUNDOSDE,COTASDEFUNDOSDE,0
23159,09/2022,BB SEGURIDADE PARTICIPAÇÕES S.A.,Conselho Fiscal,INVESTIMENTOSEM,0,0,0
23159,09/2022,BB SEGURIDADE PARTICIPAÇÕES S.A.,Conselho Fiscal,Ações,0,0,0
23159,09/2022,BCO BRASIL S.A.,Conselho Fiscal,Ações,10.341,10.341,0
23159,09/2022,BB SEGURIDADE PARTICIPAÇÕES S.A.,Órgãos Técnicos ou Consultivos,Outros,COTASDEFUNDOSDE,COTASDEFUNDOSDE,0
23159,09/2022,BB SEGURIDADE PARTICIPAÇÕES S.A.,Órgãos Técnicos ou Consultivos,INVESTIMENTOSEM,0,0,0
23159,09/2022,BB SEGURIDADE PARTICIPAÇÕES S.A.,Órgãos Técnicos ou Consultivos,Ações,0,0,0
23159,09/2022,BCO BRASIL S.A.,Órgãos Técnicos ou Consultivos,Ações,3.982,3.982,0
26336,09/2022,FULWOOD S.A.,Conselho Administração,Ações,107.010.000,107.010.000,0
26336,09/2022,FULWOOD S.A.,Direto,Ações,0,0,0
25836,09/2022,Dotz S.A.,Controlador,OpçãodeVenda,OPCAODEVENDA,OPCAODEVENDA,0
25836,09/2022,Dotz S.A.,Controlador,11.583.403,Ações,Ações,0
25836,09/2022,Dotz S.A.,Conselho Administração,Ações,1.924.580,1.924.580,0
25836,09/2022,Dotz S.A.,Direto,Ações,122.453,122.453,0
24236,09/2022,PRINER SERVIÇOS INDUSTRIAIS S.A.,Conselho Administração,Ações,266.081,268.081,0
24236,09/2022,PRINER SERVIÇOS INDUSTRIAIS S.A.,Direto,Ações,626.242,626.242,0
26565,09/2022,HOLDING DO ARAGUAIA S.A.,Controlador,Ações,612.883.152,612.883.152,0
26565,09/2022,ECORODOVIAS INFRAESTRUTURA E LOGÍSTICA S.A.,Conselho Administração,Ações,1,1,0
23884,09/2022,ECO050 CONCESSIONÁRIA DE RODOVIAS S.A.,Controlador,Ações,726.000.000,726.000.000,0
24090,09/2022,INSTITUTO HERMES PARDINI S.A.,Controlador,Ações,84.839.899,84.839.899,0
24090,09/2022,INSTITUTO HERMES PARDINI S.A.,Direto,Ações,398.102,397.102,0
25909,09/2022,EMCCAMP RESIDENCIAL S.A.,Controlador,Ações,51.018.519,51.018.519,0
25909,09/2022,EMCCAMP RESIDENCIAL S.A.,Conselho Administração,Ações,0,0,0
24155,09/2022,COMPANHIA ENERGÉTICA SINOP S/A,Controlador,Ações,2.234.136.000,2.234.136.000,0
24155,09/2022,COMPANHIA ENERGÉTICA SINOP S/A,Controlador,Debêntures,0,0,0
24155,09/2022,COMPANHIA ENERGÉTICA SINOP S/A,Conselho Administração,Ações,0,0,0
24155,09/2022,COMPANHIA ENERGÉTICA SINOP S/A,Conselho Administração,Debêntures,0,0,0
24155,09/2022,COMPANHIA ENERGÉTICA SINOP S/A,Direto,Ações,0,0,0
24155,09/2022,COMPANHIA ENERGÉTICA SINOP S/A,Direto,Debêntures,0,0,0
24155,09/2022,COMPANHIA ENERGÉTICA SINOP S/A,Conselho Fiscal,Ações,0,0,0
24155,09/2022,COMPANHIA ENERGÉTICA SINOP S/A,Conselho Fiscal,Debêntures,0,0,0
3271,09/2022,ENERGISA MINAS GERAIS - DISTRIBUIDORA DE ENERGIA S/A,Controlador,Ações,818.607,818.607,0
3271,09/2022,ENERGISA MINAS GERAIS - DISTRIBUIDORA DE ENERGIA S/A,Conselho Administração,Ações,0,0,0
3271,09/2022,ENERGISA S.A.,Conselho Administração,Ações,51.061,51.061,0
3271,09/2022,ENERGISA S.A.,Conselho Administração,Ações,187.214,191.214,0
3271,09/2022,ENERGISA S.A.,Conselho Administração,Units,1.081.380,1.273.780,0
3271,09/2022,ENERGISA MINAS GERAIS - DISTRIBUIDORA DE ENERGIA S/A,Direto,Ações,0,0,0
3271,09/2022,ENERGISA S.A.,Direto,Units,58.952,58.952,0
25330,09/2022,ALLIED TECNOLOGIA S.A.,Controlador,Ações,60.946.844,60.946.844,0
25330,09/2022,ALLIED TECNOLOGIA S.A.,Conselho Administração,Ações,6.603.983,6.603.983,0
25330,09/2022,ALLIED TECNOLOGIA S.A.,Direto,Ações,1.054.320,978.551,0
23507,09/2022,OURO FINO SAUDE ANIMAL PARTICIPACOES S.A.,Controlador,Ações,30.366.173,30.366.173,0
23507,09/2022,OURO FINO SAUDE ANIMAL PARTICIPACOES S.A.,Conselho Administração,Ações,0,0,0
23507,09/2022,OURO FINO SAUDE ANIMAL PARTICIPACOES S.A.,Direto,Ações,0,0,0
23507,09/2022,OURO FINO SAUDE ANIMAL PARTICIPACOES S.A.,Conselho Fiscal,Ações,0,0,0
25658,09/2022,Agrogalaxy Participações S.A.,Controlador,Ações,91.380.974,91.380.974,0
25658,09/2022,Agrogalaxy Participações S.A.,Conselho Administração,Ações,11.368.006,11.368.006,0
25658,09/2022,Agrogalaxy Participações S.A.,Direto,Ações,262.100,262.100,0
4081,09/2022,CIA TECIDOS SANTANENSE,Conselho Administração,Ações,2.145.988,2.145.988,0
4081,09/2022,CIA TECIDOS SANTANENSE,Conselho Administração,Ações,46.704,46.704,0
4081,09/2022,CIA TECIDOS SANTANENSE,Direto,Ações,1.749.872,1.569.372,0
4081,09/2022,CIA TECIDOS SANTANENSE,Direto,Ações,0,0,0
4081,09/2022,CIA TECIDOS SANTANENSE,Conselho Fiscal,Ações,4,4,0
4081,09/2022,CIA TECIDOS SANTANENSE,Conselho Fiscal,Ações,2,2,0
24139,09/2022,CONCESSIONÁRIA PONTE RIO-NITERÓI S.A. - ECOPONTE,Controlador,Ações,147.367.960,147.367.960,0
25305,09/2022,PATRIMAR ENGENHARIA S.A.,Controlador,Ações,56.025.501,56.025.501,0
24830,09/2022,BRK Ambiental Participações S.A.,Controlador,Ações,1.852.409.346,1.852.409.346,0
24830,09/2022,BRK Ambiental Participações S.A.,Conselho Administração,Ações,0,0,0
24830,09/2022,BRK Ambiental Participações S.A.,Direto,Ações,0,0,0
26204,09/2022,BLUEFIT ACADEMIAS DE GINÁSTICA E PARTICIPAÇÕES S.A.,Conselho Administração,Ações,695.987,695.987,0
26204,09/2022,BLUEFIT ACADEMIAS DE GINÁSTICA E PARTICIPAÇÕES S.A.,Direto,Ações,347.996,347.996,0
25062,09/2022,Lavvi Empreendimentos Imobiliários S.A.,Controlador,Ações,121.489.223,121.489.223,0
25062,09/2022,Lavvi Empreendimentos Imobiliários S.A.,Conselho Administração,Ações,86.800,86.800,0
25062,09/2022,CYRELA BRAZIL REALTY S.A.EMPREEND E PART,Conselho Administração,Ações,79.734.281,79.734.281,0
25062,09/2022,Lavvi Empreendimentos Imobiliários S.A.,Direto,Ações,8.200,8.200,0
25062,09/2022,CYRELA BRAZIL REALTY S.A.EMPREEND E PART,Direto,Ações,44.862,44.862,0
1155,09/2022,BANESTES S.A. - BCO EST ESPIRITO SANTO,Conselho Administração,Ações,63.000,63.000,0
1155,09/2022,BANESTES S.A. - BCO EST ESPIRITO SANTO,Conselho Administração,Ações,426.200,426.200,0
1155,09/2022,BANESTES S.A. - BCO EST ESPIRITO SANTO,Conselho Fiscal,Ações,2.200,2.200,0
24589,09/2022,Energisa Transmissão de Energia S/A,Controlador,Ações,63.304.245,63.304.245,0
24589,09/2022,ENERGISA S.A.,Conselho Administração,Ações,48.161,48.161,0
24589,09/2022,ENERGISA S.A.,Conselho Administração,Ações,147.214,151.214,0
24589,09/2022,ENERGISA S.A.,Conselho Administração,Units,838.075,1.030.475,0
24589,09/2022,ENERGISA S.A.,Direto,Ações,40.000,40.000,0
24589,09/2022,ENERGISA S.A.,Direto,Ações,2.900,2.900,0
24589,09/2022,ENERGISA S.A.,Direto,Units,257.130,257.130,0
24422,09/2022,COMPANHIA ENERGÉTICA JAGUARA,Controlador,Ações,854.408.795,854.408.795,0
24430,09/2022,COMPANHIA ENERGÉTICA MIRANDA,Controlador,Ações,582.663.130,582.663.130,0
13781,09/2022,SAO CARLOS EMPREEND E PARTICIPACOES S.A.,Controlador,Ações,31.615.178,31.615.178,0
13781,09/2022,SAO CARLOS EMPREEND E PARTICIPACOES S.A.,Conselho Administração,Ações,1.559.386,1.559.086,0
13781,09/2022,SAO CARLOS EMPREEND E PARTICIPACOES S.A.,Direto,Ações,1.372.535,1.372.535,0
22985,09/2022,NORTEC QUÍMICA S.A.,Controlador,Ações,9.145.593,9.145.593,0
22985,09/2022,NORTEC QUÍMICA S.A.,Conselho Administração,Ações,1,1,0
26956,09/2022,Oceânica Engenharia e Consultoria S.A.,Controlador,Ações,30.000.000,30.000.000,0
26956,09/2022,Oceânica Engenharia e Consultoria S.A.,Conselho Administração,Ações,0,0,0
26956,09/2022,Oceânica Engenharia e Consultoria S.A.,Direto,Ações,0,0,0
13366,09/2022,HAGA S.A. INDUSTRIA E COMERCIO,Controlador,Ações,2.884.230,2.884.230,0
13366,09/2022,HAGA S.A. INDUSTRIA E COMERCIO,Controlador,Ações,500,500,0
13366,09/2022,HAGA S.A. INDUSTRIA E COMERCIO,Conselho Administração,Ações,686,686,0
13366,09/2022,HAGA S.A. INDUSTRIA E COMERCIO,Conselho Administração,Ações,500,500,0
13366,09/2022,HAGA S.A. INDUSTRIA E COMERCIO,Direto,Ações,150,150,0
26409,09/2022,Vero S.A.,Controlador,Ações,69.727.493,69.727.493,0
26409,09/2022,Vero S.A.,Conselho Administração,Ações,3.842.415,3.842.415,0
26409,09/2022,Vero S.A.,Direto,Ações,0,0,0
21202,09/2022,VIX LOGÍSTICA S/A,Conselho Administração,Ações,6,6,0
7811,09/2022,JOAO FORTES ENGENHARIA S.A. - Em Recuperação Judicial,Controlador,Ações,95.119.963,95.119.963,0
8893,09/2022,MONTEIRO ARANHA S.A.,Conselho Administração,Ações,7.838.785,7.838.785,0
20028,09/2022,VALID SOLUÇÕES S.A.,Conselho Administração,Ações,2.000.096,2.125.096,0
20028,09/2022,VALID SOLUÇÕES S.A.,Conselho Administração,BônusdeSubscrição,273.900,0,0
20028,09/2022,VALID SOLUÇÕES S.A.,Direto,Ações,338.334,338.334,0
20028,09/2022,VALID SOLUÇÕES S.A.,Direto,BônusdeSubscrição,42.293,0,0
20028,09/2022,VALID SOLUÇÕES S.A.,Conselho Fiscal,Ações,21,21,0
20028,09/2022,VALID SOLUÇÕES S.A.,Órgãos Técnicos ou Consultivos,Ações,30,30,0
26247,09/2022,WILSON SONS HOLDINGS BRASIL S.A.,Controlador,Ações,248.664.000,248.664.000,0
26247,09/2022,WILSON SONS HOLDINGS BRASIL S.A.,Conselho Administração,Ações,4.087.560,4.087.560,0
26247,09/2022,WILSON SONS HOLDINGS BRASIL S.A.,Direto,Ações,1.252.086,1.252.086,0
11070,09/2022,WLM PART. E COMÉRCIO DE MÁQUINAS E VEÍCULOS S.A.,Controlador,Ações,15.589.625,15.589.625,0
11070,09/2022,WLM PART. E COMÉRCIO DE MÁQUINAS E VEÍCULOS S.A.,Controlador,Ações,14.597.620,14.597.620,0
11070,09/2022,WLM PART. E COMÉRCIO DE MÁQUINAS E VEÍCULOS S.A.,Conselho Administração,Ações,1.915,1.915,0
11070,09/2022,WLM PART. E COMÉRCIO DE MÁQUINAS E VEÍCULOS S.A.,Direto,Ações,0,0,0
11070,09/2022,WLM PART. E COMÉRCIO DE MÁQUINAS E VEÍCULOS S.A.,Direto,Ações,2.500,2.500,0
18465,09/2022,ULTRAPAR PARTICIPACOES S.A.,Conselho Administração,Ações,383.700,383.700,0
18465,09/2022,ULTRAPAR PARTICIPACOES S.A.,Direto,Ações,3.643.462,5.423.914,0
18465,09/2022,ULTRAPAR PARTICIPACOES S.A.,Conselho Fiscal,Ações,10.000,10.000,0
9989,09/2022,REFINARIA DE PETROLEOS MANGUINHOS S.A.,Controlador,Ações,44.008.031,44.008.031,0
9989,09/2022,REFINARIA DE PETROLEOS MANGUINHOS S.A.,Conselho Administração,Ações,25.302,25.302,0
9989,09/2022,REFINARIA DE PETROLEOS MANGUINHOS S.A.,Direto,Ações,0,0,0
24805,09/2022,Vivara Participações S.A.,Controlador,Ações,136.775.433,136.775.433,0
24805,09/2022,Vivara Participações S.A.,Direto,Ações,156.764,156.764,0
26581,09/2022,CONCESSIONÁRIA ECOVIAS DO CERRADO S.A.,Controlador,Ações,622.406.625,622.406.625,0
26581,09/2022,ECORODOVIAS INFRAESTRUTURA E LOGÍSTICA S.A.,Conselho Administração,Ações,1,1,0
26328,09/2022,Monte Rodovias S.A.,Controlador,Ações,472.264.376,472.264.376,0
26832,09/2022,Anemus Wind Holding S.A.,Conselho Administração,Ações,100,100,0
26530,09/2022,CENCOSUD BRASIL COMERCIAL S.A.,Controlador,Ações,6.801.464.243,6.801.464.243,0
26530,09/2022,CENCOSUD BRASIL COMERCIAL S.A.,Conselho Administração,Ações,0,0,0
26530,09/2022,CENCOSUD BRASIL COMERCIAL S.A.,Direto,Ações,0,0,0
4820,09/2022,BRASKEM S.A.,Controlador,Ações,226.334.623,226.334.623,0
4820,09/2022,BRASKEM S.A.,Controlador,Ações,79.182.498,79.182.498,0
4820,09/2022,BRASKEM S.A.,Controlador,Ações,0,0,0
4820,09/2022,BRASKEM S.A.,Conselho Administração,Ações,898,898,0
4820,09/2022,BRASKEM S.A.,Direto,Ações,364.860,364.860,0
4820,09/2022,BRASKEM S.A.,Direto,Ações,0,0,0
4820,09/2022,BRASKEM S.A.,Direto,Ações,0,0,0
4820,09/2022,BRASKEM S.A.,Conselho Fiscal,Ações,100,100,0
4820,09/2022,BRASKEM S.A.,Órgãos Técnicos ou Consultivos,Ações,5.300,5.300,0
23590,09/2022,WIZ SOLUÇÕES E CORRETAGEM DE SEGUROS S.A.,Controlador,Ações,84.552.713,84.552.713,0
23590,09/2022,WIZ SOLUÇÕES E CORRETAGEM DE SEGUROS S.A.,Conselho Administração,Ações,80.000,80.000,0
23590,09/2022,WIZ SOLUÇÕES E CORRETAGEM DE SEGUROS S.A.,Direto,Ações,23.215,23.215,0
26727,09/2022,IGUÁ RIO DE JANEIRO S.A.,Controlador,Ações,510.001.000,510.001.000,0
26727,09/2022,IGUÁ RIO DE JANEIRO S.A.,Conselho Administração,Ações,0,0,0
26727,09/2022,IGUÁ RIO DE JANEIRO S.A.,Direto,Ações,0,0,0
25631,09/2022,Kalunga S.A,Conselho Administração,Ações,622.139.776,622.139.776,0
25631,09/2022,Kalunga S.A,Direto,Ações,0,0,0
25631,09/2022,Kalunga S.A,Órgãos Técnicos ou Consultivos,Ações,0,0,0
20524,09/2022,EVEN CONSTRUTORA E INCORPORADORA S.A.,Conselho Administração,Ações,4.048.847,4.048.847,0
20524,09/2022,Melnick Desenvolvimento Imobiliário S.A.,Conselho Administração,Ações,29.460.129,29.460.129,0
20524,09/2022,EVEN CONSTRUTORA E INCORPORADORA S.A.,Direto,Ações,3.707.647,3.707.647,0
20524,09/2022,Melnick Desenvolvimento Imobiliário S.A.,Direto,Ações,8.235,8.235,0
20524,09/2022,Melnick Desenvolvimento Imobiliário S.A.,Órgãos Técnicos ou Consultivos,Ações,12.097,12.097,0
26506,09/2022,LUPO S.A.,Controlador,Ações,147.056.388,147.056.388,0
26506,09/2022,LUPO S.A.,Conselho Administração,Ações,0,0,0
26506,09/2022,LUPO S.A.,Direto,Ações,0,0,0
26506,09/2022,LUPO S.A.,Conselho Fiscal,Ações,2.571,2.571,0
24848,09/2022,C&A Modas S.A.,Controlador,Ações,201.319.336,201.319.336,0
24848,09/2022,C&A Modas S.A.,Conselho Administração,Ações,248.400,248.400,0
24848,09/2022,C&A Modas S.A.,Direto,Ações,557.397,557.397,0
24848,09/2022,C&A Modas S.A.,Conselho Fiscal,Ações,0,0,0
24848,09/2022,C&A Modas S.A.,Órgãos Técnicos ou Consultivos,Ações,0,0,0
20346,09/2022,PROFARMA DISTRIB PROD FARMACEUTICOS S.A.,Controlador,Ações,34.657.969,34.657.969,0
20346,09/2022,D1000 VAREJO FARMA PARTICIPAÇÕES S.A.,Controlador,Ações,0,0,0
20346,09/2022,PROFARMA DISTRIB PROD FARMACEUTICOS S.A.,Conselho Administração,Ações,2,2,0
20346,09/2022,D1000 VAREJO FARMA PARTICIPAÇÕES S.A.,Conselho Administração,Ações,0,0,0
20346,09/2022,PROFARMA DISTRIB PROD FARMACEUTICOS S.A.,Direto,Ações,282.423,282.423,0
20346,09/2022,D1000 VAREJO FARMA PARTICIPAÇÕES S.A.,Direto,Ações,700,700,0
20346,09/2022,PROFARMA DISTRIB PROD FARMACEUTICOS S.A.,Conselho Fiscal,Ações,0,0,0
20346,09/2022,D1000 VAREJO FARMA PARTICIPAÇÕES S.A.,Conselho Fiscal,Ações,0,0,0
16241,09/2022,SOCIEDADE ABASTECIMENTO DE ÁGUA E SANEAMENTO S.A - SANASA,Conselho Administração,Ações,9,9,0
14826,09/2022,CIA BRASILEIRA DE DISTRIBUICAO,Controlador,Ações,0,0,0
14826,09/2022,CIA BRASILEIRA DE DISTRIBUICAO,Controlador,Ações,110.476.572,110.476.572,0
14826,09/2022,CIA BRASILEIRA DE DISTRIBUICAO,Controlador,Derivativos,0,0,0
14826,09/2022,CIA BRASILEIRA DE DISTRIBUICAO,Controlador,Derivativos,0,0,0
14826,09/2022,CIA BRASILEIRA DE DISTRIBUICAO,Conselho Administração,Ações,938.715,938.715,0
14826,09/2022,CIA BRASILEIRA DE DISTRIBUICAO,Conselho Administração,Ações,0,0,0
14826,09/2022,CIA BRASILEIRA DE DISTRIBUICAO,Direto,Ações,3.763,3.763,0
14826,09/2022,CIA BRASILEIRA DE DISTRIBUICAO,Conselho Fiscal,Ações,0,0,0
22470,09/2022,MAGAZINE LUIZA S.A.,Controlador,Ações,3.794.963.060,3.794.963.060,0
22470,09/2022,MAGAZINE LUIZA S.A.,Conselho Administração,Ações,1.949.855,1.949.855,0
22470,09/2022,MAGAZINE LUIZA S.A.,Direto,Ações,15.264.808,15.264.808,0
22470,09/2022,MAGAZINE LUIZA S.A.,Conselho Fiscal,Ações,13.612,13.612,0
12190,09/2022,BOMBRIL S.A.,Controlador,Ações,137.615.317,137.615.317,0
12190,09/2022,BOMBRIL S.A.,Controlador,Ações,51.901.989,51.901.989,0
12190,09/2022,BOMBRIL S.A.,Controlador,Debêntures,0,0,0
12190,09/2022,BOMBRIL S.A.,Controlador,Debêntures,0,0,0
11762,09/2022,VULCABRAS S.A.,Controlador,Ações,171.989.853,171.989.853,0
11762,09/2022,VULCABRAS S.A.,Conselho Administração,Ações,0,0,0
11762,09/2022,VULCABRAS S.A.,Direto,Ações,262.600,269.600,0
21334,09/2022,NUTRIPLANT INDUSTRIA E COMERCIO S.A.,Controlador,Ações,99.300,99.300,0
21334,09/2022,NUTRIPLANT INDUSTRIA E COMERCIO S.A.,Direto,Ações,500,500,0
13471,09/2022,PLASCAR PARTICIPACOES INDUSTRIAIS S.A.,Conselho Administração,Ações,173.400,173.400,0
13471,09/2022,PLASCAR PARTICIPACOES INDUSTRIAIS S.A.,Direto,Ações,35.751,35.751,0
13471,09/2022,PLASCAR PARTICIPACOES INDUSTRIAIS S.A.,Conselho Fiscal,Ações,1,101,0
19992,09/2022,TOTVS S.A.,Conselho Administração,Ações,86.396.505,86.396.505,0
19992,09/2022,TOTVS S.A.,Direto,Ações,1.736.811,1.736.811,0
14850,09/2022,HAUSCENTER SA,Conselho Administração,Ações,3,3,0
5770,09/2022,EUCATEX S.A. INDUSTRIA E COMERCIO,Controlador,Ações,18.167.182,18.167.182,0
5770,09/2022,EUCATEX S.A. INDUSTRIA E COMERCIO,Controlador,Ações,4.751.007,4.751.007,0
5770,09/2022,EUCATEX S.A. INDUSTRIA E COMERCIO,Conselho Administração,Ações,100,100,0
5770,09/2022,EUCATEX S.A. INDUSTRIA E COMERCIO,Direto,Ações,0,0,0
5770,09/2022,EUCATEX S.A. INDUSTRIA E COMERCIO,Conselho Fiscal,Ações,0,0,0
7510,09/2022,ROMI S.A.,Controlador,Ações,35.707.197,35.707.197,0
7510,09/2022,ROMI S.A.,Conselho Administração,Ações,35.265,35.265,0
7510,09/2022,ROMI S.A.,Direto,Ações,325.500,325.500,0
20125,09/2022,ODONTOPREV S.A.,Controlador,Ações,292.213.236,292.213.236,0
20125,09/2022,ODONTOPREV S.A.,Conselho Administração,Ações,23.896,23.896,0
20125,09/2022,ODONTOPREV S.A.,Direto,Ações,1.352.599,1.352.599,0
20125,09/2022,ODONTOPREV S.A.,Conselho Fiscal,Ações,0,0,0
20125,09/2022,ODONTOPREV S.A.,Órgãos Técnicos ou Consultivos,Ações,0,0,0
24627,09/2022,Blau Farmacêutica S.A.,Controlador,Ações,147.999.999,147.999.999,0
24627,09/2022,Blau Farmacêutica S.A.,Conselho Administração,Ações,26.547,26.547,0
24627,09/2022,Blau Farmacêutica S.A.,Direto,Ações,8.536,8.536,0
25208,09/2022,TRACK & FIELD CO S.A.,Controlador,Ações,14.106.660,14.106.660,0
25208,09/2022,TRACK & FIELD CO S.A.,Controlador,Ações,877.251.375,877.251.375,0
25208,09/2022,TRACK & FIELD CO S.A.,Conselho Administração,Ações,0,0,0
25208,09/2022,TRACK & FIELD CO S.A.,Conselho Administração,Ações,0,0,0
25208,09/2022,TRACK & FIELD CO S.A.,Direto,Ações,0,0,0
25208,09/2022,TRACK & FIELD CO S.A.,Direto,Ações,0,0,0
25208,09/2022,TRACK & FIELD CO S.A.,Conselho Fiscal,Ações,0,0,0
25208,09/2022,TRACK & FIELD CO S.A.,Conselho Fiscal,Ações,0,0,0
25208,09/2022,TRACK & FIELD CO S.A.,Órgãos Técnicos ou Consultivos,Ações,2.162,2.162,0
25208,09/2022,TRACK & FIELD CO S.A.,Órgãos Técnicos ou Consultivos,Ações,0,0,0
13447,09/2022,POLPAR S.A.,Conselho Administração,Ações,6.129,6.129,0
13447,09/2022,POLPAR S.A.,Conselho Administração,Ações,7.250,7.250,0
9393,09/2022,PARANAPANEMA S.A.,Conselho Administração,Ações,2.900,2.900,0
9393,09/2022,PARANAPANEMA S.A.,Direto,Ações,0,0,0
9393,09/2022,PARANAPANEMA S.A.,Conselho Fiscal,Ações,0,0,0
8575,09/2022,MAHLE-METAL LEVE S.A.,Controlador,Ações,89.815.982,89.815.982,0
8575,09/2022,MAHLE-METAL LEVE S.A.,Conselho Administração,Ações,5,5,0
10472,09/2022,SARAIVA LIVREIROS S.A. - EM RECUPERAÇÃO JUDICIAL,Controlador,Ações,349.467,349.467,0
10472,09/2022,SARAIVA LIVREIROS S.A. - EM RECUPERAÇÃO JUDICIAL,Controlador,Ações,37.765,37.765,0
10472,09/2022,SARAIVA LIVREIROS S.A. - EM RECUPERAÇÃO JUDICIAL,Conselho Administração,Ações,2,2,0
10472,09/2022,SARAIVA LIVREIROS S.A. - EM RECUPERAÇÃO JUDICIAL,Conselho Administração,Ações,5,5,0
24953,09/2022,ALLPARK EMPREENDIMENTOS PARTICIPACOES SERVICOS S.A,Controlador,Ações,123.569.491,123.569.491,0
24953,09/2022,ALLPARK EMPREENDIMENTOS PARTICIPACOES SERVICOS S.A,Conselho Administração,Ações,2.155.154,2.112.154,0
24953,09/2022,ALLPARK EMPREENDIMENTOS PARTICIPACOES SERVICOS S.A,Conselho Administração,OpçõesdePlanodeRemuneração,OPCOESREMUNERACAO,OPCOESREMUNERACAO,0
24953,09/2022,ALLPARK EMPREENDIMENTOS PARTICIPACOES SERVICOS S.A,Conselho Administração,BASEADAEM,695.849,695.849,0
24953,09/2022,ALLPARK EMPREENDIMENTOS PARTICIPACOES SERVICOS S.A,Direto,Ações,268.856,268.856,0
24953,09/2022,ALLPARK EMPREENDIMENTOS PARTICIPACOES SERVICOS S.A,Direto,OpçõesdePlanodeRemuneração,OPCOESREMUNERACAO,OPCOESREMUNERACAO,0
24953,09/2022,ALLPARK EMPREENDIMENTOS PARTICIPACOES SERVICOS S.A,Direto,BASEADAEM,2.227.750,2.227.750,0
12319,09/2022,BLUE TECH SOLUTIONS EQI S.A.,Conselho Administração,Ações,47.500,47.500,0
12319,09/2022,BLUE TECH SOLUTIONS EQI S.A.,Conselho Administração,Ações,260.979,260.979,0
12319,09/2022,BLUE TECH SOLUTIONS EQI S.A.,Direto,Ações,660.052,660.052,0
9067,09/2022,SUZANO HOLDING S.A.,Direto,Ações,13.599.939,13.599.939,0
9067,09/2022,SUZANO HOLDING S.A.,Direto,Ações,12.368.721,12.368.721,0
9067,09/2022,SUZANO HOLDING S.A.,Direto,Ações,5.312.663,5.312.663,0
9067,09/2022,SUZANO S.A.,Direto,Ações,53.443.764,53.443.764,0
1520,09/2022,"BARDELLA S.A. INDUSTRIAS MECANICAS EM RECUPERAÇÃO
JUDICIAL",Conselho Administração,Ações,353.385,353.385,0
1520,09/2022,"BARDELLA S.A. INDUSTRIAS MECANICAS EM RECUPERAÇÃO
JUDICIAL",Conselho Administração,Ações,15.621,15.621,0
14320,09/2022,USINAS SID DE MINAS GERAIS S.A.-USIMINAS,Controlador,Ações,541.712.225,541.712.225,0
14320,09/2022,USINAS SID DE MINAS GERAIS S.A.-USIMINAS,Controlador,Ações,12.949.172,12.949.172,0
14320,09/2022,USINAS SID DE MINAS GERAIS S.A.-USIMINAS,Conselho Administração,Ações,119.589,75.800,0
14320,09/2022,USINAS SID DE MINAS GERAIS S.A.-USIMINAS,Conselho Administração,Ações,8,8,0
16306,09/2022,ROSSI RESIDENCIAL S.A.,Conselho Administração,Ações,766.317,766.317,0
24600,09/2022,BANCO BMG S/A,Controlador,Ações,206.033.609,206.033.609,0
24600,09/2022,BANCO BMG S/A,Controlador,Ações,13.858.155,13.858.155,0
24600,09/2022,BANCO BMG S/A,Conselho Administração,Ações,27.337.488,27.337.488,0
24600,09/2022,BANCO BMG S/A,Conselho Administração,Ações,122.967.968,122.967.968,0
24600,09/2022,BANCO BMG S/A,Direto,Ações,1.217.590,1.217.590,0
24600,09/2022,BANCO BMG S/A,Direto,Ações,0,0,0
24600,09/2022,BANCO BMG S/A,Conselho Fiscal,Ações,2.156,2.156,0
24600,09/2022,BANCO BMG S/A,Órgãos Técnicos ou Consultivos,Ações,0,0,0
24600,09/2022,BANCO BMG S/A,Órgãos Técnicos ou Consultivos,Ações,0,0,0
22055,09/2022,MARISA LOJAS S.A.,Controlador,Ações,186.594.379,184.344.379,0
22055,09/2022,MARISA LOJAS S.A.,Conselho Administração,Ações,12.055,12.055,0
22055,09/2022,MARISA LOJAS S.A.,Direto,Ações,1.726.751,1.726.751,0
22055,09/2022,MARISA LOJAS S.A.,Conselho Fiscal,Ações,0,0,0
3190,09/2022,REDE ENERGIA PARTICIPAÇÕES S.A.,Controlador,Ações,1.477.379.356,1.477.379.356,0
3190,09/2022,ENERGISA S.A.,Controlador,Ações,3.789.343,3.789.343,0
3190,09/2022,REDE ENERGIA PARTICIPAÇÕES S.A.,Conselho Administração,Ações,0,0,0
3190,09/2022,ENERGISA S.A.,Conselho Administração,Ações,51.061,51.061,0
3190,09/2022,ENERGISA S.A.,Conselho Administração,Ações,187.214,191.214,0
3190,09/2022,ENERGISA S.A.,Conselho Administração,Units,1.081.380,1.273.780,0
3190,09/2022,ENERGISA S.A.,Conselho Administração,Units,5.000,5.000,0
3190,09/2022,REDE ENERGIA PARTICIPAÇÕES S.A.,Direto,Ações,0,0,0
3190,09/2022,ENERGISA S.A.,Direto,Units,8.318,8.318,0
20702,09/2022,VIVER INCORPORADORA E CONSTRUTORA S.A.,Controlador,Ações,29.394.789,41.997.529,0
20702,09/2022,VIVER INCORPORADORA E CONSTRUTORA S.A.,Conselho Administração,Ações,532,1.695.172,0
20702,09/2022,VIVER INCORPORADORA E CONSTRUTORA S.A.,Conselho Fiscal,Ações,1.318,1.318,0
23280,09/2022,OURO VERDE LOCACAO E SERVICO S.A.,Controlador,Ações,568.765.115,568.765.115,0
23280,09/2022,OURO VERDE LOCACAO E SERVICO S.A.,Conselho Administração,Ações,0,0,0
23280,09/2022,OURO VERDE LOCACAO E SERVICO S.A.,Direto,Ações,0,0,0
18627,09/2022,CIA SANEAMENTO DO PARANA - SANEPAR,Conselho Administração,Ações,0,0,0
18627,09/2022,CIA SANEAMENTO DO PARANA - SANEPAR,Conselho Administração,Ações,0,0,0
18627,09/2022,CIA SANEAMENTO DO PARANA - SANEPAR,Conselho Administração,Units,2,2,0
18627,09/2022,CIA SANEAMENTO DO PARANA - SANEPAR,Direto,Ações,40,40,0
18627,09/2022,CIA SANEAMENTO DO PARANA - SANEPAR,Conselho Fiscal,Ações,0,0,0
8605,09/2022,METALGRAFICA IGUACU S.A.,Controlador,Ações,79.121,80.211,0
8605,09/2022,METALGRAFICA IGUACU S.A.,Controlador,Ações,98.761,101.522,0
8605,09/2022,METALGRAFICA IGUACU S.A.,Direto,Ações,14,0,0
8605,09/2022,METALGRAFICA IGUACU S.A.,Direto,Ações,19.330,0,0
16861,09/2022,CIA CATARINENSE DE AGUAS E SANEAM.-CASAN,Conselho Administração,Ações,0,0,0
25453,09/2022,Intelbras S.A.,Controlador,Ações,210.305.598,210.305.598,0
25453,09/2022,Intelbras S.A.,Conselho Administração,Ações,57.372,57.372,0
25453,09/2022,Intelbras S.A.,Direto,Ações,2.822.973,2.822.973,0
7544,09/2022,TEXTIL RENAUXVIEW S.A.,Conselho Administração,Ações,1.048.830,1.048.830,0
7544,09/2022,TEXTIL RENAUXVIEW S.A.,Conselho Administração,Ações,1.148.525,1.148.525,0
7544,09/2022,TEXTIL RENAUXVIEW S.A.,Direto,Ações,25.574,25.574,0
7544,09/2022,TEXTIL RENAUXVIEW S.A.,Direto,Ações,136.571,136.571,0
7544,09/2022,TEXTIL RENAUXVIEW S.A.,Conselho Fiscal,Ações,700.000,700.000,0
2461,09/2022,CENTRAIS ELET DE SANTA CATARINA S.A.,Controlador,Ações,9.229.460,9.229.460,0
2461,09/2022,CENTRAIS ELET DE SANTA CATARINA S.A.,Controlador,Ações,234.305,234.305,0
2461,09/2022,CENTRAIS ELET DE SANTA CATARINA S.A.,Conselho Administração,Ações,10,10,0
2461,09/2022,CENTRAIS ELET DE SANTA CATARINA S.A.,Direto,Ações,22,22,0
11991,09/2022,WETZEL S.A. EM RECUPERAÇÃO JUDICIAL,Conselho Administração,Ações,108.932,93.832,0
11991,09/2022,WETZEL S.A. EM RECUPERAÇÃO JUDICIAL,Conselho Administração,Ações,573,573,0
26255,09/2022,Tigre S.A. Participações,Controlador,Ações,7.289.284,7.289.284,0
26255,09/2022,Tigre S.A. Participações,Conselho Administração,Ações,0,0,0
26255,09/2022,Tigre S.A. Participações,Direto,Ações,0,0,0
26255,09/2022,Tigre S.A. Participações,Órgãos Técnicos ou Consultivos,Ações,0,0,0
14664,09/2022,SCHULZ S.A.,Controlador,Ações,30.231.448,30.245.566,0
14664,09/2022,SCHULZ S.A.,Controlador,Ações,96.104.052,96.104.052,0
14664,09/2022,SCHULZ S.A.,Conselho Administração,Ações,336,236,0
14664,09/2022,SCHULZ S.A.,Conselho Administração,Ações,1.120,120,0
14664,09/2022,SCHULZ S.A.,Direto,Ações,7.792,7.792,0
14664,09/2022,SCHULZ S.A.,Conselho Fiscal,Ações,200.000,200.000,0
8451,09/2022,MARCOPOLO S.A.,Controlador,Ações,40.647.839,40.647.839,0
8451,09/2022,MARCOPOLO S.A.,Controlador,Ações,174.213.920,174.213.920,0
8451,09/2022,MARCOPOLO S.A.,Conselho Administração,Ações,162.170,162.170,0
8451,09/2022,MARCOPOLO S.A.,Conselho Administração,Ações,43.300,43.300,0
8451,09/2022,MARCOPOLO S.A.,Direto,Ações,2.229.981,2.229.981,0
8451,09/2022,MARCOPOLO S.A.,Conselho Fiscal,Ações,328.345,328.345,0
8451,09/2022,MARCOPOLO S.A.,Conselho Fiscal,Ações,7.201,7.201,0
9539,09/2022,PETTENATI S.A. INDUSTRIA TEXTIL,Conselho Administração,Ações,36,36,0
9539,09/2022,PETTENATI S.A. INDUSTRIA TEXTIL,Direto,Ações,16,16,0
9539,09/2022,PETTENATI S.A. INDUSTRIA TEXTIL,Conselho Fiscal,Ações,4,4,0
9539,09/2022,PETTENATI S.A. INDUSTRIA TEXTIL,Conselho Fiscal,Ações,1.376,1.376,0
9539,09/2022,PETTENATI S.A. INDUSTRIA TEXTIL,Órgãos Técnicos ou Consultivos,Ações,15.631.712,15.631.712,0
9539,09/2022,PETTENATI S.A. INDUSTRIA TEXTIL,Órgãos Técnicos ou Consultivos,Ações,462.548,462.548,0
20745,09/2022,SLC AGRICOLA S.A.,Controlador,Ações,111.182.135,111.182.135,0
20745,09/2022,SLC AGRICOLA S.A.,Conselho Administração,Ações,74.030,74.030,0
20745,09/2022,SLC AGRICOLA S.A.,Direto,Ações,436.042,408.542,0
20745,09/2022,SLC AGRICOLA S.A.,Conselho Fiscal,Ações,0,0,0
12653,09/2022,KLABIN S.A.,Controlador,Ações,1.289.808.546,1.290.281.946,0
12653,09/2022,KLABIN S.A.,Controlador,Ações,347.905.135,349.398.735,0
12653,09/2022,KLABIN S.A.,Controlador,Outros,29.162.575,29.468.075,0
12653,09/2022,KLABIN S.A.,Conselho Administração,Ações,59.616.742,59.686.998,0
12653,09/2022,KLABIN S.A.,Conselho Administração,Ações,202.021.871,202.302.895,0
12653,09/2022,KLABIN S.A.,Conselho Administração,Outros,404.000,404.000,0
12653,09/2022,KLABIN S.A.,Direto,Ações,1.564.139,1.564.139,0
12653,09/2022,KLABIN S.A.,Direto,Ações,6.287.856,6.287.856,0
12653,09/2022,KLABIN S.A.,Conselho Fiscal,Ações,16.300,16.300,0
12653,09/2022,KLABIN S.A.,Conselho Fiscal,Ações,6.575,6.575,0
19615,09/2022,GRENDENE S.A.,Controlador,Ações,632.361.631,631.501.131,0
19615,09/2022,GRENDENE S.A.,Conselho Administração,Ações,9.081,9.081,0
19615,09/2022,GRENDENE S.A.,Direto,Ações,2.494.506,2.494.506,0
22780,09/2022,UNICASA INDÚSTRIA DE MÓVEIS S.A.,Controlador,Ações,36.745.726,36.745.726,0
22780,09/2022,UNICASA INDÚSTRIA DE MÓVEIS S.A.,Conselho Administração,Ações,832.200,832.200,0
22780,09/2022,UNICASA INDÚSTRIA DE MÓVEIS S.A.,Direto,Ações,0,0,0
6076,09/2022,DM FINANCEIRA S.A. - CREDITO FINANC E INVEST,Conselho Administração,Ações,541,541,0
6076,09/2022,DM FINANCEIRA S.A. - CREDITO FINANC E INVEST,Direto,Ações,2.022,2.022,0
7870,09/2022,KEPLER WEBER S.A.,Conselho Administração,Ações,15.000,30.900,0
7870,09/2022,KEPLER WEBER S.A.,Direto,Ações,47.058,47.058,0
7870,09/2022,KEPLER WEBER S.A.,Conselho Fiscal,Ações,0,0,0
8192,09/2022,TREVISA INVESTIMENTOS S.A.,Conselho Administração,Ações,576.000,576.000,0
8192,09/2022,TREVISA INVESTIMENTOS S.A.,Direto,Ações,23.700,23.700,0
8192,09/2022,TREVISA INVESTIMENTOS S.A.,Órgãos Técnicos ou Consultivos,Ações,2.041.200,2.041.200,0
8192,09/2022,TREVISA INVESTIMENTOS S.A.,Órgãos Técnicos ou Consultivos,Ações,978.000,978.000,0
94,09/2022,PANATLANTICA S.A.,Conselho Administração,Ações,32.117,32.117,0
94,09/2022,PANATLANTICA S.A.,Conselho Administração,Ações,553,553,0
94,09/2022,PANATLANTICA S.A.,Direto,Ações,496,496,0
94,09/2022,PANATLANTICA S.A.,Direto,Ações,837,837,0
1210,09/2022,BCO ESTADO DO RIO GRANDE DO SUL S.A.,Controlador,Ações,0,0,0
1210,09/2022,BCO ESTADO DO RIO GRANDE DO SUL S.A.,Controlador,Ações,201.225.359,201.225.359,0
1210,09/2022,BCO ESTADO DO RIO GRANDE DO SUL S.A.,Controlador,Ações,751.479,751.479,0
1210,09/2022,BCO ESTADO DO RIO GRANDE DO SUL S.A.,Conselho Administração,Ações,5,5,0
1210,09/2022,BCO ESTADO DO RIO GRANDE DO SUL S.A.,Conselho Administração,Ações,5,5,0
1210,09/2022,BCO ESTADO DO RIO GRANDE DO SUL S.A.,Direto,Ações,12,12,0
1210,09/2022,BCO ESTADO DO RIO GRANDE DO SUL S.A.,Direto,Ações,49,49,0
1210,09/2022,BCO ESTADO DO RIO GRANDE DO SUL S.A.,Direto,Ações,3.000,3.000,0
1210,09/2022,BCO ESTADO DO RIO GRANDE DO SUL S.A.,Conselho Fiscal,Ações,1,1,0
1210,09/2022,BCO ESTADO DO RIO GRANDE DO SUL S.A.,Conselho Fiscal,Ações,3,3,0
1210,09/2022,BCO ESTADO DO RIO GRANDE DO SUL S.A.,Conselho Fiscal,Ações,0,0,0
1210,09/2022,BCO ESTADO DO RIO GRANDE DO SUL S.A.,Órgãos Técnicos ou Consultivos,Ações,3,3,0
1210,09/2022,BCO ESTADO DO RIO GRANDE DO SUL S.A.,Órgãos Técnicos ou Consultivos,Ações,15,15,0
8133,09/2022,LOJAS RENNER S.A.,Conselho Administração,Ações,3.599.969,3.499.969,0
8133,09/2022,LOJAS RENNER S.A.,Direto,Ações,460.079,459.379,0
8133,09/2022,LOJAS RENNER S.A.,Órgãos Técnicos ou Consultivos,Ações,197.100,196.400,0
6173,09/2022,TAURUS ARMAS S.A.,Controlador,Ações,5.380.229,10.380.229,0
6173,09/2022,TAURUS ARMAS S.A.,Controlador,Ações,38.649.840,38.649.840,0
6173,09/2022,TAURUS ARMAS S.A.,Controlador,BônusdeSubscrição,0,0,0
6173,09/2022,TAURUS ARMAS S.A.,Controlador,BônusdeSubscrição,0,0,0
6173,09/2022,TAURUS ARMAS S.A.,Controlador,BônusdeSubscrição,0,0,0
6173,09/2022,TAURUS ARMAS S.A.,Controlador,BônusdeSubscrição,0,0,0
6173,09/2022,TAURUS ARMAS S.A.,Controlador,BônusdeSubscrição,0,0,0
6173,09/2022,TAURUS ARMAS S.A.,Controlador,BônusdeSubscrição,0,0,0
6173,09/2022,TAURUS ARMAS S.A.,Controlador,BônusdeSubscrição,0,0,0
6173,09/2022,TAURUS ARMAS S.A.,Conselho Administração,Ações,883.900,894.229,0
6173,09/2022,TAURUS ARMAS S.A.,Conselho Administração,Ações,0,0,0
6173,09/2022,TAURUS ARMAS S.A.,Conselho Administração,BônusdeSubscrição,5.010.329,0,0
6173,09/2022,TAURUS ARMAS S.A.,Conselho Administração,BônusdeSubscrição,0,0,0
6173,09/2022,TAURUS ARMAS S.A.,Direto,Ações,588.100,588.100,0
6173,09/2022,TAURUS ARMAS S.A.,Direto,Ações,0,0,0
6173,09/2022,TAURUS ARMAS S.A.,Conselho Fiscal,Ações,0,0,0
6173,09/2022,TAURUS ARMAS S.A.,Conselho Fiscal,Ações,0,0,0
25143,09/2022,PACAEMBU CONSTRUTORA S.A.,Conselho Administração,Ações,109.560.618,109.560.618,0
25143,09/2022,PACAEMBU CONSTRUTORA S.A.,Conselho Administração,BônusdeSubscrição,14.321.649,14.321.649,0
25143,09/2022,PACAEMBU CONSTRUTORA S.A.,Direto,Ações,19.498.227,19.498.227,0
4693,09/2022,CONSERVAS ODERICH S.A.,Conselho Administração,Ações,1.808.896,1.808.896,0
4693,09/2022,CONSERVAS ODERICH S.A.,Conselho Administração,Ações,193.499,193.499,0
4693,09/2022,CONSERVAS ODERICH S.A.,Direto,Ações,3.953.750,3.953.750,0
4693,09/2022,CONSERVAS ODERICH S.A.,Direto,Ações,590.780,590.780,0
